symbol,date,predicted_price
btcinr,2024-06-22,5760000.0
btcinr,2024-06-23,5760000.0
xrpinr,2024-06-22,43.82
xrpinr,2024-06-23,43.82
ethinr,2024-06-22,313379.6
ethinr,2024-06-23,313379.6
trxinr,2024-06-22,10.608
trxinr,2024-06-23,10.608
eosinr,2024-06-22,82.0
eosinr,2024-06-23,82.0
zilinr,2024-06-22,2.23
zilinr,2024-06-23,2.23
batinr,2024-06-22,17.2
batinr,2024-06-23,17.2
zrxinr,2024-06-22,32.5
zrxinr,2024-06-23,32.5
reqinr,2024-06-22,9.8
reqinr,2024-06-23,9.8
icxinr,2024-06-22,14.248
icxinr,2024-06-23,14.248
omginr,2024-06-22,31.0
omginr,2024-06-23,31.0
iostinr,2024-06-22,0.6
iostinr,2024-06-23,0.6
dentinr,2024-06-22,0.09
dentinr,2024-06-23,0.09
hotinr,2024-06-22,0.165
hotinr,2024-06-23,0.165
funinr,2024-06-22,0.37
funinr,2024-06-23,0.37
usdtinr,2024-06-22,90.01
usdtinr,2024-06-23,90.01
wrxinr,2024-06-22,13.42
wrxinr,2024-06-23,13.42
maticinr,2024-06-22,52.0
maticinr,2024-06-23,52.0
bchinr,2024-06-22,35757.0
bchinr,2024-06-23,35757.0
bnbinr,2024-06-22,53099.6
bnbinr,2024-06-23,53099.6
oneinr,2024-06-22,1.44
oneinr,2024-06-23,1.44
yfiinr,2024-06-22,524205.0
yfiinr,2024-06-23,524205.0
uniinr,2024-06-22,890.85
uniinr,2024-06-23,890.85
linkinr,2024-06-22,1261.34
linkinr,2024-06-23,1261.34
sxpinr,2024-06-22,23.799
sxpinr,2024-06-23,23.799
adainr,2024-06-22,36.2998
adainr,2024-06-23,36.2998
atominr,2024-06-22,624.0
atominr,2024-06-23,624.0
xlminr,2024-06-22,8.3455
xlminr,2024-06-23,8.3455
fetinr,2024-06-22,140.302
fetinr,2024-06-23,140.302
xeminr,2024-06-22,1.301
xeminr,2024-06-23,1.301
zecinr,2024-06-22,1830.0
zecinr,2024-06-23,1830.0
dogeinr,2024-06-22,11.1372
dogeinr,2024-06-23,11.1372
dotinr,2024-06-22,512.0
dotinr,2024-06-23,512.0
vetinr,2024-06-22,2.43054
vetinr,2024-06-23,2.43054
crvinr,2024-06-22,30.14
crvinr,2024-06-23,30.14
reninr,2024-06-22,4.2
reninr,2024-06-23,4.2
enjinr,2024-06-22,18.0
enjinr,2024-06-23,18.0
manainr,2024-06-22,30.13
manainr,2024-06-23,30.13
hbarinr,2024-06-22,7.16
hbarinr,2024-06-23,7.16
umainr,2024-06-22,236.5
umainr,2024-06-23,236.5
chrinr,2024-06-22,22.0
chrinr,2024-06-23,22.0
paxginr,2024-06-22,229666.0
paxginr,2024-06-23,229666.0
1inchinr,2024-06-22,36.51
1inchinr,2024-06-23,36.51
etcinr,2024-06-22,2139.0
etcinr,2024-06-23,2139.0
uftinr,2024-06-22,29.525
uftinr,2024-06-23,29.525
dockinr,2024-06-22,1.957
dockinr,2024-06-23,1.957
filinr,2024-06-22,405.69
filinr,2024-06-23,405.69
wininr,2024-06-22,0.0079
wininr,2024-06-23,0.0079
tkoinr,2024-06-22,31.01
tkoinr,2024-06-23,31.01
pushinr,2024-06-22,14.826
pushinr,2024-06-23,14.826
avaxinr,2024-06-22,2450.007
avaxinr,2024-06-23,2450.007
xvginr,2024-06-22,0.3718
xvginr,2024-06-23,0.3718
scinr,2024-06-22,0.4164
scinr,2024-06-23,0.4164
fttinr,2024-06-22,134.998
fttinr,2024-06-23,134.998
dgbinr,2024-06-22,0.72
dgbinr,2024-06-23,0.72
cvcinr,2024-06-22,9.838
cvcinr,2024-06-23,9.838
cakeinr,2024-06-22,200.0
cakeinr,2024-06-23,200.0
ftminr,2024-06-22,51.367
ftminr,2024-06-23,51.367
hntinr,2024-06-22,300.0
hntinr,2024-06-23,300.0
ctsiinr,2024-06-22,15.007
ctsiinr,2024-06-23,15.007
kmdinr,2024-06-22,35.0
kmdinr,2024-06-23,35.0
solinr,2024-06-22,12000.0
solinr,2024-06-23,12000.0
cotiinr,2024-06-22,8.65
cotiinr,2024-06-23,8.65
iotxinr,2024-06-22,3.98
iotxinr,2024-06-23,3.98
shibinr,2024-06-22,0.001604
shibinr,2024-06-23,0.001604
rlcinr,2024-06-22,192.27
rlcinr,2024-06-23,192.27
trbinr,2024-06-22,9230.27
trbinr,2024-06-23,9230.27
reefinr,2024-06-22,0.13818
reefinr,2024-06-23,0.13818
icpinr,2024-06-22,759.71
icpinr,2024-06-23,759.71
ontinr,2024-06-22,20.36
ontinr,2024-06-23,20.36
ckbinr,2024-06-22,1.0002
ckbinr,2024-06-23,1.0002
xvsinr,2024-06-22,605.3
xvsinr,2024-06-23,605.3
viteinr,2024-06-22,1.5677
viteinr,2024-06-23,1.5677
dcrinr,2024-06-22,1500.0
dcrinr,2024-06-23,1500.0
mdxinr,2024-06-22,3.66
mdxinr,2024-06-23,3.66
phainr,2024-06-22,12.498
phainr,2024-06-23,12.498
runeinr,2024-06-22,400.0
runeinr,2024-06-23,400.0
ogninr,2024-06-22,9.668
ogninr,2024-06-23,9.668
datainr,2024-06-22,4.7997
datainr,2024-06-23,4.7997
ksminr,2024-06-22,2203.48
ksminr,2024-06-23,2203.48
nkninr,2024-06-22,7.5
nkninr,2024-06-23,7.5
balinr,2024-06-22,308.8
balinr,2024-06-23,308.8
snxinr,2024-06-22,185.0
snxinr,2024-06-23,185.0
axsinr,2024-06-22,540.01
axsinr,2024-06-23,540.01
celrinr,2024-06-22,1.5347
celrinr,2024-06-23,1.5347
alphainr,2024-06-22,7.68
alphainr,2024-06-23,7.68
compinr,2024-06-22,4512.0
compinr,2024-06-23,4512.0
aliceinr,2024-06-22,111.99
aliceinr,2024-06-23,111.99
egldinr,2024-06-22,2637.0
egldinr,2024-06-23,2637.0
sandinr,2024-06-22,30.0
sandinr,2024-06-23,30.0
frontinr,2024-06-22,82.562
frontinr,2024-06-23,82.562
lrcinr,2024-06-22,15.7972
lrcinr,2024-06-23,15.7972
stxinr,2024-06-22,148.0
stxinr,2024-06-23,148.0
algoinr,2024-06-22,12.35
algoinr,2024-06-23,12.35
alpacainr,2024-06-22,11.1
alpacainr,2024-06-23,11.1
xecinr,2024-06-22,0.0029618
xecinr,2024-06-23,0.0029618
ilvinr,2024-06-22,7384.0
ilvinr,2024-06-23,7384.0
dydxinr,2024-06-22,138.9
dydxinr,2024-06-23,138.9
cfxinr,2024-06-22,14.0
cfxinr,2024-06-23,14.0
stptinr,2024-06-22,3.4312
stptinr,2024-06-23,3.4312
radinr,2024-06-22,138.99
radinr,2024-06-23,138.99
burgerinr,2024-06-22,48.75
burgerinr,2024-06-23,48.75
roseinr,2024-06-22,8.4911
roseinr,2024-06-23,8.4911
agldinr,2024-06-22,92.0
agldinr,2024-06-23,92.0
keyinr,2024-06-22,0.54746
keyinr,2024-06-23,0.54746
slpinr,2024-06-22,0.2847
slpinr,2024-06-23,0.2847
auctioninr,2024-06-22,1510.0
auctioninr,2024-06-23,1510.0
oceaninr,2024-06-22,58.0
oceaninr,2024-06-23,58.0
superinr,2024-06-22,65.006
superinr,2024-06-23,65.006
betainr,2024-06-22,4.3897
betainr,2024-06-23,4.3897
waxpinr,2024-06-22,3.899
waxpinr,2024-06-23,3.899
arinr,2024-06-22,2574.99
arinr,2024-06-23,2574.99
sushiinr,2024-06-22,73.92
sushiinr,2024-06-23,73.92
mkrinr,2024-06-22,227279.61
mkrinr,2024-06-23,227279.61
galainr,2024-06-22,2.5601
galainr,2024-06-23,2.5601
tlminr,2024-06-22,1.161
tlminr,2024-06-23,1.161
ensinr,2024-06-22,2256.0
ensinr,2024-06-23,2256.0
ctxcinr,2024-06-22,23.378
ctxcinr,2024-06-23,23.378
mboxinr,2024-06-22,21.05
mboxinr,2024-06-23,21.05
ookiinr,2024-06-22,0.1612
ookiinr,2024-06-23,0.1612
ampinr,2024-06-22,0.4294
ampinr,2024-06-23,0.4294
nearinr,2024-06-22,476.753
nearinr,2024-06-23,476.753
ardrinr,2024-06-22,6.1097
ardrinr,2024-06-23,6.1097
grtinr,2024-06-22,19.66
grtinr,2024-06-23,19.66
bttcinr,2024-06-22,8e-05
bttcinr,2024-06-23,8e-05
creaminr,2024-06-22,6306.89
creaminr,2024-06-23,6306.89
bicoinr,2024-06-22,34.75
bicoinr,2024-06-23,34.75
spellinr,2024-06-22,0.068428
spellinr,2024-06-23,0.068428
qntinr,2024-06-22,7484.0
qntinr,2024-06-23,7484.0
duskinr,2024-06-22,27.71
duskinr,2024-06-23,27.71
jasmyinr,2024-06-22,2.586
jasmyinr,2024-06-23,2.586
tfuelinr,2024-06-22,6.4108
tfuelinr,2024-06-23,6.4108
kncinr,2024-06-22,52.0
kncinr,2024-06-23,52.0
dodoinr,2024-06-22,12.69
dodoinr,2024-06-23,12.69
achinr,2024-06-22,2.15
achinr,2024-06-23,2.15
idexinr,2024-06-22,4.2084
idexinr,2024-06-23,4.2084
celoinr,2024-06-22,54.24
celoinr,2024-06-23,54.24
tinr,2024-06-22,2.3498
tinr,2024-06-23,2.3498
pyrinr,2024-06-22,340.0
pyrinr,2024-06-23,340.0
imxinr,2024-06-22,145.71
imxinr,2024-06-23,145.71
bakeinr,2024-06-22,33.656
bakeinr,2024-06-23,33.656
neoinr,2024-06-22,1060.0
neoinr,2024-06-23,1060.0
apeinr,2024-06-22,84.006
apeinr,2024-06-23,84.006
wooinr,2024-06-22,19.1
wooinr,2024-06-23,19.1
ankrinr,2024-06-22,2.8773
ankrinr,2024-06-23,2.8773
oxtinr,2024-06-22,7.95
oxtinr,2024-06-23,7.95
rndrinr,2024-06-22,686.64
rndrinr,2024-06-23,686.64
gmtinr,2024-06-22,15.499
gmtinr,2024-06-23,15.499
reiinr,2024-06-22,4.7025
reiinr,2024-06-23,4.7025
lptinr,2024-06-22,1898.8
lptinr,2024-06-23,1898.8
ygginr,2024-06-22,58.0
ygginr,2024-06-23,58.0
opinr,2024-06-22,179.0
opinr,2024-06-23,179.0
leverinr,2024-06-22,0.1958
leverinr,2024-06-23,0.1958
ldoinr,2024-06-22,199.76
ldoinr,2024-06-23,199.76
polyxinr,2024-06-22,30.109
polyxinr,2024-06-23,30.109
usdcinr,2024-06-22,88.15
usdcinr,2024-06-23,88.15
hifiinr,2024-06-22,44.85
hifiinr,2024-06-23,44.85
gftinr,2024-06-22,1.7393
gftinr,2024-06-23,1.7393
blurinr,2024-06-22,24.01
blurinr,2024-06-23,24.01
flokiinr,2024-06-22,0.01558
flokiinr,2024-06-23,0.01558
briseinr,2024-06-22,1.19e-05
briseinr,2024-06-23,1.19e-05
arbinr,2024-06-22,77.999
arbinr,2024-06-23,77.999
injinr,2024-06-22,2023.383
injinr,2024-06-23,2023.383
pepeinr,2024-06-22,0.0010336
pepeinr,2024-06-23,0.0010336
bobinr,2024-06-22,0.003325
bobinr,2024-06-23,0.003325
comboinr,2024-06-22,63.47
comboinr,2024-06-23,63.47
aaveinr,2024-06-22,7574.77
aaveinr,2024-06-23,7574.77
rsrinr,2024-06-22,0.53908
rsrinr,2024-06-23,0.53908
cosinr,2024-06-22,0.7549
cosinr,2024-06-23,0.7549
avainr,2024-06-22,57.001
avainr,2024-06-23,57.001
bandinr,2024-06-22,100.6016
bandinr,2024-06-23,100.6016
pendleinr,2024-06-22,520.939
pendleinr,2024-06-23,520.939
loominr,2024-06-22,5.2
loominr,2024-06-23,5.2
wldinr,2024-06-22,272.72727
wldinr,2024-06-23,272.72727
quickinr,2024-06-22,4.1003
quickinr,2024-06-23,4.1003
vibinr,2024-06-22,7.22
vibinr,2024-06-23,7.22
maskinr,2024-06-22,243.75
maskinr,2024-06-23,243.75
adxinr,2024-06-22,15.21
adxinr,2024-06-23,15.21
blzinr,2024-06-22,24.0
blzinr,2024-06-23,24.0
pundixinr,2024-06-22,33.939
pundixinr,2024-06-23,33.939
sklinr,2024-06-22,5.2885
sklinr,2024-06-23,5.2885
clvinr,2024-06-22,4.9921
clvinr,2024-06-23,4.9921
stmxinr,2024-06-22,0.42068
stmxinr,2024-06-23,0.42068
audioinr,2024-06-22,13.884
audioinr,2024-06-23,13.884
glminr,2024-06-22,33.1
glminr,2024-06-23,33.1
mtlinr,2024-06-22,104.501
mtlinr,2024-06-23,104.501
storjinr,2024-06-22,34.39
storjinr,2024-06-23,34.39
perpinr,2024-06-22,79.7912
perpinr,2024-06-23,79.7912
dexeinr,2024-06-22,1002.89
dexeinr,2024-06-23,1002.89
bigtimeinr,2024-06-22,11.7026
bigtimeinr,2024-06-23,11.7026
memeinr,2024-06-22,1.72
memeinr,2024-06-23,1.72
tokeninr,2024-06-22,7.7
tokeninr,2024-06-23,7.7
vicinr,2024-06-22,34.8
vicinr,2024-06-23,34.8
beamxinr,2024-06-22,1.74409
beamxinr,2024-06-23,1.74409
bonkinr,2024-06-22,0.0018472
bonkinr,2024-06-23,0.0018472
jtoinr,2024-06-22,231.0
jtoinr,2024-06-23,231.0
degoinr,2024-06-22,179.0
degoinr,2024-06-23,179.0
htxinr,2024-06-22,0.00010427
htxinr,2024-06-23,0.00010427
pixelinr,2024-06-22,27.199
pixelinr,2024-06-23,27.199
toninr,2024-06-22,651.0
toninr,2024-06-23,651.0
suiinr,2024-06-22,83.047
suiinr,2024-06-23,83.047
pythinr,2024-06-22,29.5
pythinr,2024-06-23,29.5
kasinr,2024-06-22,13.4
kasinr,2024-06-23,13.4
wifinr,2024-06-22,163.0
wifinr,2024-06-23,163.0
bomeinr,2024-06-22,0.80002
bomeinr,2024-06-23,0.80002
bcutinr,2024-06-22,5.633
bcutinr,2024-06-23,5.633
ethfiinr,2024-06-22,325.84
ethfiinr,2024-06-23,325.84
nakainr,2024-06-22,95.03
nakainr,2024-06-23,95.03
enainr,2024-06-22,56.0
enainr,2024-06-23,56.0
ondoinr,2024-06-22,111.19
ondoinr,2024-06-23,111.19
omniinr,2024-06-22,1300.17
omniinr,2024-06-23,1300.17
rvninr,2024-06-22,1.82
rvninr,2024-06-23,1.82
mewinr,2024-06-22,0.34348
mewinr,2024-06-23,0.34348
qtuminr,2024-06-22,230.0
qtuminr,2024-06-23,230.0
notinr,2024-06-22,1.367626
notinr,2024-06-23,1.367626
minainr,2024-06-22,58.66
minainr,2024-06-23,58.66
ltcinr,2024-06-22,6568.32
ltcinr,2024-06-23,6568.32
dashinr,2024-06-22,2371.0
dashinr,2024-06-23,2371.0
xrpbtc,2024-06-22,7.96e-06
xrpbtc,2024-06-23,7.96e-06
trxbtc,2024-06-22,1.84e-06
trxbtc,2024-06-23,1.84e-06
ethbtc,2024-06-22,0.050125
ethbtc,2024-06-23,0.050125
zilbtc,2024-06-22,3.9e-07
zilbtc,2024-06-23,3.9e-07
batbtc,2024-06-22,2.81e-06
batbtc,2024-06-23,2.81e-06
ltcbtc,2024-06-22,0.001101
ltcbtc,2024-06-23,0.001101
qkcbtc,2024-06-22,1.2e-07
qkcbtc,2024-06-23,1.2e-07
dashbtc,2024-06-22,0.0004
dashbtc,2024-06-23,0.0004
iostbtc,2024-06-22,1e-07
iostbtc,2024-06-23,1e-07
nulsbtc,2024-06-22,6e-06
nulsbtc,2024-06-23,6e-06
omgbtc,2024-06-22,6e-06
omgbtc,2024-06-23,6e-06
reqbtc,2024-06-22,2.19e-06
reqbtc,2024-06-23,2.19e-06
sntbtc,2024-06-22,5.6e-07
sntbtc,2024-06-23,5.6e-07
thetabtc,2024-06-22,2.231e-05
thetabtc,2024-06-23,2.231e-05
zrxbtc,2024-06-22,5.9e-06
zrxbtc,2024-06-23,5.9e-06
eosbtc,2024-06-22,1.38e-05
eosbtc,2024-06-23,1.38e-05
icxbtc,2024-06-22,1.4e-06
icxbtc,2024-06-23,1.4e-06
fetbtc,2024-06-22,2.488e-05
fetbtc,2024-06-23,2.488e-05
celrbtc,2024-06-22,1.9e-07
celrbtc,2024-06-23,1.9e-07
maticbtc,2024-06-22,9.93e-06
maticbtc,2024-06-23,9.93e-06
adabtc,2024-06-22,5.08e-06
adabtc,2024-06-23,5.08e-06
rvnbtc,2024-06-22,3.1e-07
rvnbtc,2024-06-23,3.1e-07
xmrbtc,2024-06-22,0.001319
xmrbtc,2024-06-23,0.001319
atombtc,2024-06-22,0.0001011
atombtc,2024-06-23,0.0001011
bnbbtc,2024-06-22,0.0087001
bnbbtc,2024-06-23,0.0087001
wrxbtc,2024-06-22,2.06e-06
wrxbtc,2024-06-23,2.06e-06
stmxbtc,2024-06-22,7e-08
stmxbtc,2024-06-23,7e-08
btcusdt,2024-06-22,63898.0
btcusdt,2024-06-23,63898.0
trxusdt,2024-06-22,0.11623
trxusdt,2024-06-23,0.11623
xrpusdt,2024-06-22,0.486
xrpusdt,2024-06-23,0.486
eosusdt,2024-06-22,0.98
eosusdt,2024-06-23,0.98
ethusdt,2024-06-22,3491.85
ethusdt,2024-06-23,3491.85
icxusdt,2024-06-22,0.15
icxusdt,2024-06-23,0.15
ltcusdt,2024-06-22,78.89
ltcusdt,2024-06-23,78.89
hotusdt,2024-06-22,0.0020977
hotusdt,2024-06-23,0.0020977
batusdt,2024-06-22,0.2379
batusdt,2024-06-23,0.2379
dashusdt,2024-06-22,24.1
dashusdt,2024-06-23,24.1
qkcusdt,2024-06-22,0.00718
qkcusdt,2024-06-23,0.00718
zilusdt,2024-06-22,0.02599
zilusdt,2024-06-23,0.02599
zrxusdt,2024-06-22,0.34
zrxusdt,2024-06-23,0.34
bchusdt,2024-06-22,375.24
bchusdt,2024-06-23,375.24
bchsvusdt,2024-06-22,50.53
bchsvusdt,2024-06-23,50.53
omgusdt,2024-06-22,0.4106
omgusdt,2024-06-23,0.4106
dentusdt,2024-06-22,0.000999
dentusdt,2024-06-23,0.000999
iostusdt,2024-06-22,0.00671
iostusdt,2024-06-23,0.00671
funusdt,2024-06-22,0.004748
funusdt,2024-06-23,0.004748
sntusdt,2024-06-22,0.026
sntusdt,2024-06-23,0.026
thetausdt,2024-06-22,1.4966
thetausdt,2024-06-23,1.4966
requsdt,2024-06-22,0.10242
requsdt,2024-06-23,0.10242
xlmusdt,2024-06-22,0.093
xlmusdt,2024-06-23,0.093
xtzusdt,2024-06-22,0.789
xtzusdt,2024-06-23,0.789
fetusdt,2024-06-22,1.3503
fetusdt,2024-06-23,1.3503
tfuelusdt,2024-06-22,0.07059
tfuelusdt,2024-06-23,0.07059
celrusdt,2024-06-22,0.01648
celrusdt,2024-06-23,0.01648
maticusdt,2024-06-22,0.58979
maticusdt,2024-06-23,0.58979
adausdt,2024-06-22,0.3775
adausdt,2024-06-23,0.3775
rvnusdt,2024-06-22,0.02025
rvnusdt,2024-06-23,0.02025
xmrusdt,2024-06-22,167.23
xmrusdt,2024-06-23,167.23
atomusdt,2024-06-22,6.954
atomusdt,2024-06-23,6.954
algousdt,2024-06-22,0.14
algousdt,2024-06-23,0.14
linkusdt,2024-06-22,14.2244
linkusdt,2024-06-23,14.2244
qtumusdt,2024-06-22,2.52
qtumusdt,2024-06-23,2.52
etcusdt,2024-06-22,23.587
etcusdt,2024-06-23,23.587
iotausdt,2024-06-22,0.1806
iotausdt,2024-06-23,0.1806
zecusdt,2024-06-22,19.871
zecusdt,2024-06-23,19.871
wavesusdt,2024-06-22,0.9941
wavesusdt,2024-06-23,0.9941
ftmusdt,2024-06-22,0.60997
ftmusdt,2024-06-23,0.60997
enjusdt,2024-06-22,0.1973
enjusdt,2024-06-23,0.1973
lskusdt,2024-06-22,1.0387
lskusdt,2024-06-23,1.0387
steemusdt,2024-06-22,0.1916
steemusdt,2024-06-23,0.1916
xvgusdt,2024-06-22,0.00418
xvgusdt,2024-06-23,0.00418
loomusdt,2024-06-22,0.07685
loomusdt,2024-06-23,0.07685
manausdt,2024-06-22,0.33775
manausdt,2024-06-23,0.33775
blzusdt,2024-06-22,0.24
blzusdt,2024-06-23,0.24
scusdt,2024-06-22,0.00442
scusdt,2024-06-23,0.00442
xemusdt,2024-06-22,0.0146
xemusdt,2024-06-23,0.0146
btsusdt,2024-06-22,0.00266
btsusdt,2024-06-23,0.00266
ardrusdt,2024-06-22,0.067
ardrusdt,2024-06-23,0.067
winusdt,2024-06-22,8.9e-05
winusdt,2024-06-23,8.9e-05
bnbusdt,2024-06-22,580.0
bnbusdt,2024-06-23,580.0
chzusdt,2024-06-22,0.07505
chzusdt,2024-06-23,0.07505
wrxusdt,2024-06-22,0.14715
wrxusdt,2024-06-23,0.14715
kavausdt,2024-06-22,0.4796
kavausdt,2024-06-23,0.4796
ankrusdt,2024-06-22,0.028001
ankrusdt,2024-06-23,0.028001
oneusdt,2024-06-22,0.01524
oneusdt,2024-06-23,0.01524
ognusdt,2024-06-22,0.0743
ognusdt,2024-06-23,0.0743
hiveusdt,2024-06-22,0.2158
hiveusdt,2024-06-23,0.2158
fttusdt,2024-06-22,1.47
fttusdt,2024-06-23,1.47
bandusdt,2024-06-22,1.6277
bandusdt,2024-06-23,1.6277
jstusdt,2024-06-22,0.02734
jstusdt,2024-06-23,0.02734
ctsiusdt,2024-06-22,0.15994
ctsiusdt,2024-06-23,0.15994
chrusdt,2024-06-22,0.27
chrusdt,2024-06-23,0.27
stxusdt,2024-06-22,1.6075
stxusdt,2024-06-23,1.6075
stmxusdt,2024-06-22,0.005783
stmxusdt,2024-06-23,0.005783
mdtusdt,2024-06-22,0.05028
mdtusdt,2024-06-23,0.05028
lrcusdt,2024-06-22,0.162
lrcusdt,2024-06-23,0.162
dogeusdt,2024-06-22,0.1237391
dogeusdt,2024-06-23,0.1237391
neousdt,2024-06-22,11.49
neousdt,2024-06-23,11.49
hbarusdt,2024-06-22,0.07894
hbarusdt,2024-06-23,0.07894
storjusdt,2024-06-22,0.3551
storjusdt,2024-06-23,0.3551
compusdt,2024-06-22,48.01
compusdt,2024-06-23,48.01
cotiusdt,2024-06-22,0.091
cotiusdt,2024-06-23,0.091
dgbusdt,2024-06-22,0.00787
dgbusdt,2024-06-23,0.00787
snxusdt,2024-06-22,1.985
snxusdt,2024-06-23,1.985
renusdt,2024-06-22,0.04684
renusdt,2024-06-23,0.04684
sxpusdt,2024-06-22,0.2578
sxpusdt,2024-06-23,0.2578
mkrusdt,2024-06-22,2400.0
mkrusdt,2024-06-23,2400.0
avausdt,2024-06-22,0.8086
avausdt,2024-06-23,0.8086
balusdt,2024-06-22,3.6
balusdt,2024-06-23,3.6
srmusdt,2024-06-22,0.05206
srmusdt,2024-06-23,0.05206
egldusdt,2024-06-22,28.58
egldusdt,2024-06-23,28.58
cosusdt,2024-06-22,0.00742
cosusdt,2024-06-23,0.00742
dotusdt,2024-06-22,5.6246
dotusdt,2024-06-23,5.6246
yfiusdt,2024-06-22,7299.17
yfiusdt,2024-06-23,7299.17
iotxusdt,2024-06-22,0.04355
iotxusdt,2024-06-23,0.04355
sandusdt,2024-06-22,0.31
sandusdt,2024-06-23,0.31
uniusdt,2024-06-22,10.0
uniusdt,2024-06-23,10.0
datausdt,2024-06-22,0.043
datausdt,2024-06-23,0.043
paxgusdt,2024-06-22,2307.62
paxgusdt,2024-06-23,2307.62
creamusdt,2024-06-22,66.0
creamusdt,2024-06-23,66.0
umausdt,2024-06-22,2.5
umausdt,2024-06-23,2.5
ksmusdt,2024-06-22,23.81
ksmusdt,2024-06-23,23.81
trbusdt,2024-06-22,101.824
trbusdt,2024-06-23,101.824
adxusdt,2024-06-22,0.1641
adxusdt,2024-06-23,0.1641
aaveusdt,2024-06-22,80.0
aaveusdt,2024-06-23,80.0
filusdt,2024-06-22,4.369
filusdt,2024-06-23,4.369
crvusdt,2024-06-22,0.35
crvusdt,2024-06-23,0.35
nearusdt,2024-06-22,5.2002
nearusdt,2024-06-23,5.2002
hntusdt,2024-06-22,3.353
hntusdt,2024-06-23,3.353
avaxusdt,2024-06-22,27.606
avaxusdt,2024-06-23,27.606
oxtusdt,2024-06-22,0.0826
oxtusdt,2024-06-23,0.0826
dockusdt,2024-06-22,0.0204
dockusdt,2024-06-23,0.0204
duskusdt,2024-06-22,0.3099
duskusdt,2024-06-23,0.3099
injusdt,2024-06-22,23.9998
injusdt,2024-06-23,23.9998
vetusdt,2024-06-22,0.0264
vetusdt,2024-06-23,0.0264
mtlusdt,2024-06-22,1.1572
mtlusdt,2024-06-23,1.1572
frontusdt,2024-06-22,0.9105
frontusdt,2024-06-23,0.9105
glmusdt,2024-06-22,0.35
glmusdt,2024-06-23,0.35
sushiusdt,2024-06-22,0.828
sushiusdt,2024-06-23,0.828
firousdt,2024-06-22,1.48
firousdt,2024-06-23,1.48
dexeusdt,2024-06-22,12.85
dexeusdt,2024-06-23,12.85
grtusdt,2024-06-22,0.2159
grtusdt,2024-06-23,0.2159
bntusdt,2024-06-22,0.656
bntusdt,2024-06-23,0.656
rsrusdt,2024-06-22,0.005
rsrusdt,2024-06-23,0.005
1inchusdt,2024-06-22,0.4799
1inchusdt,2024-06-23,0.4799
uftusdt,2024-06-22,0.2702
uftusdt,2024-06-23,0.2702
pundixusdt,2024-06-22,0.37
pundixusdt,2024-06-23,0.37
ckbusdt,2024-06-22,0.011162
ckbusdt,2024-06-23,0.011162
vibusdt,2024-06-22,0.08
vibusdt,2024-06-23,0.08
tkousdt,2024-06-22,0.355
tkousdt,2024-06-23,0.355
pushusdt,2024-06-22,0.1613
pushusdt,2024-06-23,0.1613
cvcusdt,2024-06-22,0.10124
cvcusdt,2024-06-23,0.10124
cakeusdt,2024-06-22,2.186
cakeusdt,2024-06-23,2.186
kmdusdt,2024-06-22,0.3495
kmdusdt,2024-06-23,0.3495
solusdt,2024-06-22,128.797
solusdt,2024-06-23,128.797
shibusdt,2024-06-22,1.777e-05
shibusdt,2024-06-23,1.777e-05
rlcusdt,2024-06-22,2.1558
rlcusdt,2024-06-23,2.1558
reefusdt,2024-06-22,0.001496
reefusdt,2024-06-23,0.001496
icpusdt,2024-06-22,8.367
icpusdt,2024-06-23,8.367
ontusdt,2024-06-22,0.211
ontusdt,2024-06-23,0.211
xvsusdt,2024-06-22,6.5
xvsusdt,2024-06-23,6.5
viteusdt,2024-06-22,0.01675
viteusdt,2024-06-23,0.01675
dcrusdt,2024-06-22,15.19
dcrusdt,2024-06-23,15.19
mdxusdt,2024-06-22,0.0449
mdxusdt,2024-06-23,0.0449
phausdt,2024-06-22,0.1373
phausdt,2024-06-23,0.1373
runeusdt,2024-06-22,4.233
runeusdt,2024-06-23,4.233
nknusdt,2024-06-22,0.0811
nknusdt,2024-06-23,0.0811
axsusdt,2024-06-22,6.091
axsusdt,2024-06-23,6.091
alphausdt,2024-06-22,0.0849
alphausdt,2024-06-23,0.0849
aliceusdt,2024-06-22,1.0309
aliceusdt,2024-06-23,1.0309
klayusdt,2024-06-22,0.1867
klayusdt,2024-06-23,0.1867
xecusdt,2024-06-22,3.082e-05
xecusdt,2024-06-23,3.082e-05
perpusdt,2024-06-22,0.68706
perpusdt,2024-06-23,0.68706
qntusdt,2024-06-22,76.6
qntusdt,2024-06-23,76.6
flowusdt,2024-06-22,1.0
flowusdt,2024-06-23,1.0
vgxusdt,2024-06-22,0.075
vgxusdt,2024-06-23,0.075
arusdt,2024-06-22,26.371
arusdt,2024-06-23,26.371
dodousdt,2024-06-22,0.14
dodousdt,2024-06-23,0.14
minausdt,2024-06-22,0.561
minausdt,2024-06-23,0.561
clvusdt,2024-06-22,0.06
clvusdt,2024-06-23,0.06
bakeusdt,2024-06-22,0.3127
bakeusdt,2024-06-23,0.3127
alpacausdt,2024-06-22,0.146
alpacausdt,2024-06-23,0.146
gnousdt,2024-06-22,341.9
gnousdt,2024-06-23,341.9
tlmusdt,2024-06-22,0.01278
tlmusdt,2024-06-23,0.01278
audiousdt,2024-06-22,0.1896
audiousdt,2024-06-23,0.1896
sklusdt,2024-06-22,0.04268
sklusdt,2024-06-23,0.04268
mboxusdt,2024-06-22,0.23
mboxusdt,2024-06-23,0.23
degousdt,2024-06-22,1.846
degousdt,2024-06-23,1.846
galausdt,2024-06-22,0.03137
galausdt,2024-06-23,0.03137
maskusdt,2024-06-22,2.501
maskusdt,2024-06-23,2.501
ilvusdt,2024-06-22,72.0
ilvusdt,2024-06-23,72.0
mlnusdt,2024-06-22,20.8
mlnusdt,2024-06-23,20.8
dydxusdt,2024-06-22,1.416
dydxusdt,2024-06-23,1.416
cfxusdt,2024-06-22,0.1958
cfxusdt,2024-06-23,0.1958
stptusdt,2024-06-22,0.0384
stptusdt,2024-06-23,0.0384
radusdt,2024-06-22,1.498
radusdt,2024-06-23,1.498
burgerusdt,2024-06-22,0.684
burgerusdt,2024-06-23,0.684
roseusdt,2024-06-22,0.09238
roseusdt,2024-06-23,0.09238
scrtusdt,2024-06-22,0.301
scrtusdt,2024-06-23,0.301
sysusdt,2024-06-22,0.1298
sysusdt,2024-06-23,0.1298
agldusdt,2024-06-22,1.386
agldusdt,2024-06-23,1.386
keyusdt,2024-06-22,0.005351
keyusdt,2024-06-23,0.005351
rareusdt,2024-06-22,0.103
rareusdt,2024-06-23,0.103
sunusdt,2024-06-22,0.0116
sunusdt,2024-06-23,0.0116
slpusdt,2024-06-22,0.003219
slpusdt,2024-06-23,0.003219
auctionusdt,2024-06-22,18.0
auctionusdt,2024-06-23,18.0
atausdt,2024-06-22,0.1
atausdt,2024-06-23,0.1
oceanusdt,2024-06-22,0.5621
oceanusdt,2024-06-23,0.5621
superusdt,2024-06-22,0.7
superusdt,2024-06-23,0.7
betausdt,2024-06-22,0.05988
betausdt,2024-06-23,0.05988
waxpusdt,2024-06-22,0.04
waxpusdt,2024-06-23,0.04
qiusdt,2024-06-22,0.01507
qiusdt,2024-06-23,0.01507
chessusdt,2024-06-22,0.15
chessusdt,2024-06-23,0.15
ensusdt,2024-06-22,26.22
ensusdt,2024-06-23,26.22
nulsusdt,2024-06-22,0.3842
nulsusdt,2024-06-23,0.3842
ctxcusdt,2024-06-22,0.2296
ctxcusdt,2024-06-23,0.2296
ookiusdt,2024-06-22,0.00171
ookiusdt,2024-06-23,0.00171
ampusdt,2024-06-22,0.00464
ampusdt,2024-06-23,0.00464
voxelusdt,2024-06-22,0.17
voxelusdt,2024-06-23,0.17
powrusdt,2024-06-22,0.2032
powrusdt,2024-06-23,0.2032
antusdt,2024-06-22,6.116
antusdt,2024-06-23,6.116
farmusdt,2024-06-22,46.0
farmusdt,2024-06-23,46.0
bttcusdt,2024-06-22,8.5e-07
bttcusdt,2024-06-23,8.5e-07
laziousdt,2024-06-22,2.1994
laziousdt,2024-06-23,2.1994
portousdt,2024-06-22,2.5987
portousdt,2024-06-23,2.5987
santosusdt,2024-06-22,5.248
santosusdt,2024-06-23,5.248
glmrusdt,2024-06-22,0.18
glmrusdt,2024-06-23,0.18
bicousdt,2024-06-22,0.394
bicousdt,2024-06-23,0.394
xnousdt,2024-06-22,0.837
xnousdt,2024-06-23,0.837
spellusdt,2024-06-22,0.0007516
spellusdt,2024-06-23,0.0007516
achusdt,2024-06-22,0.02357
achusdt,2024-06-23,0.02357
nmrusdt,2024-06-22,19.9
nmrusdt,2024-06-23,19.9
jasmyusdt,2024-06-22,0.026
jasmyusdt,2024-06-23,0.026
kncusdt,2024-06-22,0.585
kncusdt,2024-06-23,0.585
idexusdt,2024-06-22,0.044
idexusdt,2024-06-23,0.044
fidausdt,2024-06-22,0.4273
fidausdt,2024-06-23,0.4273
darusdt,2024-06-22,0.125
darusdt,2024-06-23,0.125
celousdt,2024-06-22,0.589
celousdt,2024-06-23,0.589
tusdt,2024-06-22,0.02347
tusdt,2024-06-23,0.02347
pyrusdt,2024-06-22,3.78
pyrusdt,2024-06-23,3.78
imxusdt,2024-06-22,1.61
imxusdt,2024-06-23,1.61
api3usdt,2024-06-22,2.35
api3usdt,2024-06-23,2.35
alpineusdt,2024-06-22,1.26
alpineusdt,2024-06-23,1.26
astrusdt,2024-06-22,0.0817
astrusdt,2024-06-23,0.0817
fluxusdt,2024-06-22,0.699
fluxusdt,2024-06-23,0.699
apeusdt,2024-06-22,0.7659
apeusdt,2024-06-23,0.7659
kdausdt,2024-06-22,0.58
kdausdt,2024-06-23,0.58
woousdt,2024-06-22,0.22
woousdt,2024-06-23,0.22
acausdt,2024-06-22,0.115
acausdt,2024-06-23,0.115
alcxusdt,2024-06-22,24.3
alcxusdt,2024-06-23,24.3
multiusdt,2024-06-22,0.16
multiusdt,2024-06-23,0.16
highusdt,2024-06-22,2.246
highusdt,2024-06-23,2.246
rndrusdt,2024-06-22,7.505
rndrusdt,2024-06-23,7.505
forusdt,2024-06-22,0.02041
forusdt,2024-06-23,0.02041
gmtusdt,2024-06-22,0.16538
gmtusdt,2024-06-23,0.16538
linausdt,2024-06-22,0.00624
linausdt,2024-06-23,0.00624
lokausdt,2024-06-22,0.2998
lokausdt,2024-06-23,0.2998
bswusdt,2024-06-22,0.0581
bswusdt,2024-06-23,0.0581
bondusdt,2024-06-22,3.249
bondusdt,2024-06-23,3.249
reiusdt,2024-06-22,0.0511
reiusdt,2024-06-23,0.0511
lptusdt,2024-06-22,12.68
lptusdt,2024-06-23,12.68
yggusdt,2024-06-22,0.6298
yggusdt,2024-06-23,0.6298
cityusdt,2024-06-22,2.72
cityusdt,2024-06-23,2.72
psgusdt,2024-06-22,4.29
psgusdt,2024-06-23,4.29
ghstusdt,2024-06-22,1.754
ghstusdt,2024-06-23,1.754
galusdt,2024-06-22,2.3
galusdt,2024-06-23,2.3
opusdt,2024-06-22,1.874
opusdt,2024-06-23,1.874
leverusdt,2024-06-22,0.002667
leverusdt,2024-06-23,0.002667
ldousdt,2024-06-22,2.358
ldousdt,2024-06-23,2.358
polyxusdt,2024-06-22,0.3387
polyxusdt,2024-06-23,0.3387
gftusdt,2024-06-22,0.0193
gftusdt,2024-06-23,0.0193
blurusdt,2024-06-22,0.2598
blurusdt,2024-06-23,0.2598
bnxusdt,2024-06-22,0.903
bnxusdt,2024-06-23,0.903
flokiusdt,2024-06-22,0.000171
flokiusdt,2024-06-23,0.000171
briseusdt,2024-06-22,1.35e-07
briseusdt,2024-06-23,1.35e-07
arbusdt,2024-06-22,0.8081
arbusdt,2024-06-23,0.8081
pepeusdt,2024-06-22,1.099e-05
pepeusdt,2024-06-23,1.099e-05
idusdt,2024-06-22,0.458
idusdt,2024-06-23,0.458
bobusdt,2024-06-22,3.592e-05
bobusdt,2024-06-23,3.592e-05
lqtyusdt,2024-06-22,0.947
lqtyusdt,2024-06-23,0.947
combousdt,2024-06-22,0.7147
combousdt,2024-06-23,0.7147
pendleusdt,2024-06-22,5.88
pendleusdt,2024-06-23,5.88
wldusdt,2024-06-22,3.021
wldusdt,2024-06-23,3.021
quickusdt,2024-06-22,0.04591
quickusdt,2024-06-23,0.04591
bigtimeusdt,2024-06-22,0.12308
bigtimeusdt,2024-06-23,0.12308
memeusdt,2024-06-22,0.019139
memeusdt,2024-06-23,0.019139
tokenusdt,2024-06-22,0.083
tokenusdt,2024-06-23,0.083
vicusdt,2024-06-22,0.2866
vicusdt,2024-06-23,0.2866
beamxusdt,2024-06-22,0.021485
beamxusdt,2024-06-23,0.021485
bonkusdt,2024-06-22,2.074e-05
bonkusdt,2024-06-23,2.074e-05
jtousdt,2024-06-22,2.497
jtousdt,2024-06-23,2.497
htxusdt,2024-06-22,1.168e-06
htxusdt,2024-06-23,1.168e-06
pixelusdt,2024-06-22,0.2776
pixelusdt,2024-06-23,0.2776
tonusdt,2024-06-22,7.1075
tonusdt,2024-06-23,7.1075
suiusdt,2024-06-22,0.891
suiusdt,2024-06-23,0.891
seiusdt,2024-06-22,0.3712
seiusdt,2024-06-23,0.3712
pythusdt,2024-06-22,0.3173
pythusdt,2024-06-23,0.3173
kasusdt,2024-06-22,0.14558
kasusdt,2024-06-23,0.14558
wifusdt,2024-06-22,1.7867
wifusdt,2024-06-23,1.7867
metisusdt,2024-06-22,51.0
metisusdt,2024-06-23,51.0
bomeusdt,2024-06-22,0.008921
bomeusdt,2024-06-23,0.008921
bcutusdt,2024-06-22,0.06121
bcutusdt,2024-06-23,0.06121
ethfiusdt,2024-06-22,3.556
ethfiusdt,2024-06-23,3.556
nakausdt,2024-06-22,1.228
nakausdt,2024-06-23,1.228
jupusdt,2024-06-22,0.759
jupusdt,2024-06-23,0.759
strkusdt,2024-06-22,0.744
strkusdt,2024-06-23,0.744
tiausdt,2024-06-22,6.28
tiausdt,2024-06-23,6.28
mntusdt,2024-06-22,0.8146
mntusdt,2024-06-23,0.8146
wusdt,2024-06-22,0.35
wusdt,2024-06-23,0.35
enausdt,2024-06-22,0.6158
enausdt,2024-06-23,0.6158
ondousdt,2024-06-22,1.20425
ondousdt,2024-06-23,1.20425
pdausdt,2024-06-22,0.0972
pdausdt,2024-06-23,0.0972
zeususdt,2024-06-22,0.2325
zeususdt,2024-06-23,0.2325
tnsrusdt,2024-06-22,0.6364
tnsrusdt,2024-06-23,0.6364
eseusdt,2024-06-22,0.0459
eseusdt,2024-06-23,0.0459
omniusdt,2024-06-22,14.0
omniusdt,2024-06-23,14.0
openusdt,2024-06-22,0.01335
openusdt,2024-06-23,0.01335
mewusdt,2024-06-22,0.003772
mewusdt,2024-06-23,0.003772
rezusdt,2024-06-22,0.1033
rezusdt,2024-06-23,0.1033
fortusdt,2024-06-22,0.1717
fortusdt,2024-06-23,0.1717
bbusdt,2024-06-22,0.4039
bbusdt,2024-06-23,0.4039
notusdt,2024-06-22,0.014719
notusdt,2024-06-23,0.014719
iousdt,2024-06-22,3.73
iousdt,2024-06-23,3.73
neonusdt,2024-06-22,0.6167
neonusdt,2024-06-23,0.6167
driftusdt,2024-06-22,0.4132
driftusdt,2024-06-23,0.4132
zrousdt,2024-06-22,3.0374
zrousdt,2024-06-23,3.0374
ethwrx,2024-06-22,24699.0
ethwrx,2024-06-23,24699.0
xrpwrx,2024-06-22,3.022
xrpwrx,2024-06-23,3.022
yfiwrx,2024-06-22,39833.0
yfiwrx,2024-06-23,39833.0
bnbwrx,2024-06-22,3800.0
bnbwrx,2024-06-23,3800.0
trxwrx,2024-06-22,0.7359
trxwrx,2024-06-23,0.7359
eoswrx,2024-06-22,6.5
eoswrx,2024-06-23,6.5
ltcwrx,2024-06-22,446.6
ltcwrx,2024-06-23,446.6
linkwrx,2024-06-22,97.32
linkwrx,2024-06-23,97.32
enjwrx,2024-06-22,1.238
enjwrx,2024-06-23,1.238
dogewrx,2024-06-22,0.756
dogewrx,2024-06-23,0.756
maticwrx,2024-06-22,3.5022
maticwrx,2024-06-23,3.5022
adawrx,2024-06-22,2.6419
adawrx,2024-06-23,2.6419
batwrx,2024-06-22,1.794
batwrx,2024-06-23,1.794
shibwrx,2024-06-22,0.00012472
shibwrx,2024-06-23,0.00012472
1inchwrx,2024-06-22,2.915
1inchwrx,2024-06-23,2.915
dockwrx,2024-06-22,0.15
dockwrx,2024-06-23,0.15
runewrx,2024-06-22,28.0
runewrx,2024-06-23,28.0
chrwrx,2024-06-22,1.7883
chrwrx,2024-06-23,1.7883
