symbol,baseAsset,quoteAsset,openPrice,lowPrice,highPrice,lastPrice,volume,bidPrice,askPrice,at
btcinr,btc,inr,5750000,5746101.0,5898122.0,5849666.0,1.9029300000000005,5814495.0,5829172.0,1719062631000
xrpinr,xrp,inr,44,43.655,44.5063,44.24,70382.40000000005,43.7273,44.1692,1719062631000
ethinr,eth,inr,315949.6,310773.9,319000.5,314800.3,18.474599999999963,314381.9,314858.6,1719062631000
trxinr,trx,inr,10.63,10.5497,10.9078,10.7645,365800,10.7538,10.7609,1719062631000
eosinr,eos,inr,82,78.6,84.79,84.79,84.75,78.65,84.75,1719062631000
zilinr,zil,inr,2.2,2.15,2.25,2.2,19414,2.2,2.25,1719062631000
batinr,bat,inr,17.327,17.2,18.203,17.22,7166.290000000002,17.22,18.066,1719062631000
zrxinr,zrx,inr,32.73,32.35,33.16,32.36,2910.400000000001,32.35,32.86,1719062631000
reqinr,req,inr,9.9781,9.8,10.0881,9.8,4450,9.9015,10.0588,1719062631000
icxinr,icx,inr,14.25,13.606,14.25,13.621,1790.95,13.606,14.0,1719062631000
omginr,omg,inr,29.519,29.0,31.0,30.845,7639.629999999999,29.87,29.897,1719062631000
iostinr,iost,inr,0.62,0.6,0.62,0.61,194914,0.61,0.62,1719062631000
dentinr,dent,inr,0.088,0.087,0.09,0.088,2466619,0.088,0.089,1719062631000
hotinr,hot,inr,0.166,0.16,0.168,0.162,1997624,0.163,0.167,1719062631000
funinr,fun,inr,0.37,0.34,0.37,0.34,146657,0.34,0.36,1719062631000
usdtinr,usdt,inr,90.19,89.6,92.0,90.18,543617.5399999991,90.14,90.18,1719062631000
wrxinr,wrx,inr,13.5,13.3,13.69,13.49,160515.60000000015,13.43,13.49,1719062631000
maticinr,matic,inr,52.011,51.0,53.046,51.7,27574.599999999995,51.305,51.7,1719062631000
bchinr,bch,inr,35075,34899.0,35757.0,35757.0,1.4255,34899.0,35756.0,1719062631000
bnbinr,bnb,inr,52873.83,51705.05,53400.0,52111.0,22.220000000000002,52111.0,52999.98,1719062631000
oneinr,one,inr,1.4,1.362,1.4499,1.3801,60792,1.3801,1.4438,1719062631000
yfiinr,yfi,inr,530682,522655.0,538905.0,526006.0,0.007439,524221.0,529065.0,1719062631000
uniinr,uni,inr,914.9,874.78,918.66,892.25,70.60000000000001,897.51,906.21,1719062631000
linkinr,link,inr,1284.66,1230.0,1347.37,1250.0,65.84,1250.0,1280.66,1719062631000
sxpinr,sxp,inr,23,23.0,24.0,23.799,840.1800000000001,23.0,23.799,1719062631000
adainr,ada,inr,35.18,34.0102,36.4,34.85,19493.299999999996,34.85,34.9999,1719062631000
atominr,atom,inr,618.36,610.42,659.99,625.0,71.42000000000002,616.0,625.0,1719062631000
xlminr,xlm,inr,8.4708,8.1309,8.4708,8.2158,43395.49999999999,8.1894,8.3047,1719062631000
fetinr,fet,inr,143.22,136.11,143.801,136.11,6619,136.0,137.792,1719062631000
xeminr,xem,inr,1.283,1.269,1.373,1.31,57212,1.301,1.31,1719062631000
zecinr,zec,inr,1830,1820.19,1999.81,1820.19,5.372999999999999,1822.0,1999.0,1719062631000
dogeinr,doge,inr,11.2,11.0201,11.4996,11.496,124881,11.3057,11.496,1719062631000
dotinr,dot,inr,511,511.0,530.0,521.05,626.74,521.1,527.82,1719062631000
vetinr,vet,inr,2.4,2.27,2.59895,2.3736,250374,2.37362,2.39999,1719062631000
crvinr,crv,inr,31.3,29.21,31.41,30.55,8258.624,30.15,31.1,1719062631000
reninr,ren,inr,4.29278,4.19957,4.5587,4.24298,37467.3,4.202,4.34998,1719062631000
enjinr,enj,inr,18.4992,17.7108,18.5003,17.8018,10270.5,17.805,18.4557,1719062632000
manainr,mana,inr,30.501,29.6001,31.077,30.0592,9082.300000000001,30.0613,30.7979,1719062632000
hbarinr,hbar,inr,7.20219,7.103,7.69999,7.12978,5578.899999999999,7.12978,7.63787,1719062632000
umainr,uma,inr,240,231.01,240.06,231.01,344.179,231.46,239.48,1719062632000
chrinr,chr,inr,22.5432,21.0001,22.9573,21.68,18515,21.5,21.68,1719062632000
paxginr,paxg,inr,203095,203095.0,229666.0,225323.0,0.055740000000000005,205096.0,225322.0,1719062632000
1inchinr,1inch,inr,37.3,36.0,37.977,37.211,2886.999999999999,36.372,37.322,1719062632000
etcinr,etc,inr,2150,2102.0,2173.343,2173.343,78.27999999999999,2109.026,2173.343,1719062632000
uftinr,uft,inr,29.484,28.751,29.525,28.751,251.04,28.851,29.999,1719062632000
dockinr,dock,inr,1.942,1.882,2.003,1.882,44718,1.882,2.003,1719062632000
filinr,fil,inr,400,400.0,423.99,407.31,118.99199999999999,401.0,414.0,1719062632000
wininr,win,inr,0.008,0.0078,0.0082,0.0082,35788873,0.008,0.0082,1719062632000
tkoinr,tko,inr,32.045,31.0,32.045,31.1,8.629999999999999,31.126,31.597,1719062632000
pushinr,push,inr,14.826,14.57,15.299,14.827,3712.06,14.6,15.199,1719062632000
avaxinr,avax,inr,2475,2300.0,2599.865,2435.0,183.64,2337.347,2490.0,1719062632000
xvginr,xvg,inr,0.3783,0.3702,0.3879,0.384,322093,0.384,0.3894,1719062632000
scinr,sc,inr,0.4165,0.415,0.4165,0.4151,128321,0.415,0.4155,1719062632000
fttinr,ftt,inr,134,133.0,136.491,133.5,5361.612999999999,133.1,133.5,1719062632000
dgbinr,dgb,inr,0.74,0.71,0.75,0.73,237540,0.72,0.73,1719062632000
cvcinr,cvc,inr,9.808,9.663,10.0,9.97,520.3000000000001,9.772,9.92,1719062632000
cakeinr,cake,inr,201.47,198.33,205.28,202.09,822.7010000000001,200.42,203.43,1719062632000
ftminr,ftm,inr,52.48,49.95,52.999,52.879,13786.300000000003,52.278,52.996,1719062632000
hntinr,hnt,inr,314.9,299.82,320.1,320.1,697.5880000000002,320.1,326.0,1719062632000
ctsiinr,ctsi,inr,15.395,14.9,15.467,14.927,2650.6,14.913,15.461,1719062632000
kmdinr,kmd,inr,35,30.975,35.0,34.699,1083.6299999999999,30.894,34.399,1719062632000
solinr,sol,inr,12097.04,11900.0,12300.0,12200.0,166.67999999999995,12141.93,12200.0,1719062632000
cotiinr,coti,inr,8.75,8.301,8.8,8.301,19042.5,8.301,8.786,1719062632000
iotxinr,iotx,inr,3.971,3.8,4.099,3.828,118939,3.824,3.936,1719062632000
shibinr,shib,inr,0.001612,0.0016,0.001657,0.001648,4295322105,0.00164,0.001647,1719062632000
rlcinr,rlc,inr,192.27,190.64,192.27,190.64,40.78,189.7,197.16,1719062632000
trbinr,trb,inr,9565.91,8800.0,10700.0,9489.79,374.60099999999926,9119.28,9489.79,1719062632000
reefinr,reef,inr,0.1328,0.12842,0.13969,0.12842,1692483,0.12842,0.13445,1719062632000
icpinr,icp,inr,755,755.0,797.87,789.9,169.91999999999996,789.9,789.98,1719062632000
ontinr,ont,inr,20.36,19.0,24.5,21.48,3360.6499999999996,19.03,21.21,1719062632000
ckbinr,ckb,inr,1.017,1.0,1.066,1.0178,240659,1.0011,1.0173,1719062632000
xvsinr,xvs,inr,605.3,575.0,605.54,575.0,18.122,574.15,581.92,1719062632000
viteinr,vite,inr,1.5569,1.53,1.6182,1.5424,6858.787,1.5189,1.5419,1719062632000
dcrinr,dcr,inr,1400.84,1392.0,1514.9,1514.7,19.488899999999994,1370.0,1514.6,1719062632000
mdxinr,mdx,inr,3.6,3.5,3.71,3.55,86851.46,3.51,3.56,1719062632000
phainr,pha,inr,12.5,11.989,12.969,12.215,44482.24,12.0,12.216,1719062632000
runeinr,rune,inr,385,380.0,408.97,380.12,379.269,380.12,399.78,1719062632000
ogninr,ogn,inr,9.7,9.304,9.999,9.304,5321.28,9.315,9.429,1719062632000
datainr,data,inr,4.2,4.0,4.8692,4.0,43475,4.0001,4.06,1719062632000
ksminr,ksm,inr,2200,2160.0,2443.98,2160.0,26.014,2160.0,2204.99,1719062632000
nkninr,nkn,inr,7.5,7.34,7.57,7.3708,3801.2,7.29,7.3709,1719062632000
balinr,bal,inr,295,278.5,310.0,308.8,1.459,278.51,308.0,1719062632000
snxinr,snx,inr,185,184.261,185.0,184.261,26,180.005,184.261,1719062632000
axsinr,axs,inr,551,538.06,569.0,540.0,38.580000000000005,540.0,558.26,1719062632000
celrinr,celr,inr,1.5,1.4537,1.5621,1.5193,170382,1.4659,1.4997,1719062632000
alphainr,alpha,inr,7.6,7.4,8.11,7.4,8335.69,7.41,7.91,1719062632000
compinr,comp,inr,4461,4400.0,4533.0,4400.0,1.026,4400.0,4504.0,1719062632000
aliceinr,alice,inr,109.66,105.0,112.0,105.01,1632.38,105.01,109.35,1719062632000
egldinr,egld,inr,2645.5,2550.61,2954.0,2570.0,59.181999999999995,2553.27,2824.0,1719062632000
sandinr,sand,inr,30.05021,29.65204,31.15749,30.78063,11099,30.40014,30.93968,1719062632000
frontinr,front,inr,81,81.0,86.485,82.677,4200.6900000000005,81.381,82.499,1719062632000
lrcinr,lrc,inr,15.62625,15.2,15.95018,15.61996,25868.299999999996,15.4,15.53002,1719062632000
stxinr,stx,inr,149,145.2,156.995,145.2,630.0799999999999,145.568,150.845,1719062632000
algoinr,algo,inr,12.47,12.0,12.47,12.0,8947.163999999999,12.01,12.27,1719062632000
alpacainr,alpaca,inr,12.59,11.1,12.59,11.52,4387,11.2,11.72,1719062632000
xecinr,xec,inr,0.0029065,0.002841,0.0030055,0.0029729,116799518,0.0029729,0.00299,1719062632000
ilvinr,ilv,inr,7392.9,6000.1,7395.0,7374.0,3.195,6001.0,7356.8,1719062632000
dydxinr,dydx,inr,125.6,125.6,138.9,137.8,112.65,125.6,137.8,1719062632000
cfxinr,cfx,inr,14.998,13.5,15.198,13.55,730,13.6,14.943,1719062632000
stptinr,stpt,inr,3.7879,3.4312,3.8305,3.729,4443.3,3.435,3.6948,1719062632000
radinr,rad,inr,138.99,138.99,139.0,138.99,0,120.0,137.0,1719062632000
burgerinr,burger,inr,46.37,45.0,53.0,47.1,4992.5,46.04,47.99,1719062632000
roseinr,rose,inr,8.2387,8.2387,9.2452,8.3014,18589.800000000003,8.3014,9.1916,1719062632000
agldinr,agld,inr,92,92.0,110.99,110.79,5.9,95.0,110.79,1719062632000
keyinr,key,inr,0.54746,0.52746,0.54827,0.54799,36752,0.52749,0.54799,1719062632000
slpinr,slp,inr,0.2959,0.2847,0.2959,0.2855,86717,0.2855,0.2934,1719062632000
auctioninr,auction,inr,1510,1510.0,1743.9,1510.0,18.26,1520.0,1679.0,1719062632000
oceaninr,ocean,inr,55.731,55.731,59.999,59.983,3101,56.014,59.975,1719062632000
superinr,super,inr,65.006,60.5,71.864,60.5,369,60.5,71.863,1719062632000
betainr,beta,inr,3.9998,3.95,4.3898,4.3699,13421,3.9075,4.3698,1719062632000
waxpinr,waxp,inr,3.7,3.5,3.9,3.5,25347,3.402,3.6,1719062632000
arinr,ar,inr,2599.7,2300.8,2599.76,2574.0,14.369999999999997,2417.37,2574.0,1719062632000
sushiinr,sushi,inr,75,72.5,77.22,74.12,531.5919999999999,73.0,74.12,1719062632000
mkrinr,mkr,inr,234218.97,220666.93,234218.97,220666.93,0.012799999999999999,205783.71,228474.63,1719062632000
galainr,gala,inr,2.5401,2.51,2.6263,2.6243,246979,2.5783,2.6244,1719062632000
tlminr,tlm,inr,1.2066,1.1111,1.2066,1.1452,36738,1.1121,1.1764,1719062632000
ensinr,ens,inr,2428,2204.5,2428.0,2234.6,22.05,2251.0,2374.3,1719062632000
ctxcinr,ctxc,inr,23.72,20.6,23.74,22.6,1234,20.3,22.296,1719062632000
mboxinr,mbox,inr,21.06,21.0,23.24,22.24,3551.3,21.11,21.96,1719062632000
ookiinr,ooki,inr,0.1577,0.1576,0.1613,0.1591,3935723,0.163,0.1631,1719062632000
ampinr,amp,inr,0.4201,0.4201,0.515,0.5115,491570,0.4931,0.5096,1719062632000
nearinr,near,inr,490,470.009,499.889,489.998,172.324,480.358,489.971,1719062632000
ardrinr,ardr,inr,6.1097,5.81,6.1097,5.81,21,5.81,6.1097,1719062632000
grtinr,grt,inr,19.964,19.499,20.386,19.529,18674.499999999993,19.53,19.948,1719062632000
bttcinr,bttc,inr,0.0000795,0.000079,0.0000849,0.0000809,5399449210,0.000081,0.0000835,1719062632000
creaminr,cream,inr,6413.36,6201.21,6413.36,6214.41,16.646,6212.03,6472.88,1719062632000
bicoinr,bico,inr,34.85,33.63,35.59,33.81,1154.9599999999998,33.49,33.97,1719062632000
spellinr,spell,inr,0.063245,0.063245,0.068999,0.064,399832,0.063246,0.064,1719062632000
qntinr,qnt,inr,7485,6624.0,7485.0,6625.0,1.9240000000000002,6625.0,7478.0,1719062632000
duskinr,dusk,inr,28.239,27.71,30.5,27.775,217.33999999999997,27.775,30.896,1719062632000
jasmyinr,jasmy,inr,2.527,2.525,2.713,2.675,415823.8999999999,2.648,2.69,1719062632000
tfuelinr,tfuel,inr,6.5894,6.4108,6.6434,6.6434,12731,6.4935,6.7998,1719062632000
kncinr,knc,inr,52,49.01,52.0,51.22,20.5,49.01,50.9,1719062632000
dodoinr,dodo,inr,12.5,12.36,12.69,12.36,1982.7059999999997,12.37,12.49,1719062632000
achinr,ach,inr,2.1713,2.0675,2.1713,2.0732,15187,2.0733,2.1524,1719062632000
idexinr,idex,inr,4.2,3.8021,4.2999,3.8134,21536.3,3.92,4.14,1719062632000
celoinr,celo,inr,53.48,52.88,54.24,53.02,220,53.12,53.88,1719062632000
tinr,t,inr,2.1,2.1,2.3892,2.1102,13111,2.11,2.1102,1719062632000
pyrinr,pyr,inr,340,335.0,340.0,335.0,14.600999999999999,310.1,369.9,1719062632000
imxinr,imx,inr,145.98,139.01,145.98,144.28,15947.250000000002,139.1,145.73,1719062632000
bakeinr,bake,inr,32,32.0,37.292,36.376,27967,35.559,36.892,1719062632000
neoinr,neo,inr,1060,1060.0,1060.0,1060.0,22.704,1010.0,1140.0,1719062632000
apeinr,ape,inr,86.309,84.0,86.5,86.475,1525.4999999999998,84.202,86.475,1719062632000
wooinr,woo,inr,20.5,19.1,20.999,20.499,415.09999999999997,19.237,20.499,1719062632000
ankrinr,ankr,inr,2.84,2.7,3.0198,2.864,8566,2.756,2.8658,1719062632000
oxtinr,oxt,inr,7.95,7.254,7.95,7.95,340.42,7.267,7.95,1719062632000
rndrinr,rndr,inr,675.99,670.0,741.49,678.7,369.07000000000005,678.7,678.72,1719062632000
gmtinr,gmt,inr,15.5,15.499,15.5,15.499,144.6,14.8,15.48,1719062632000
reiinr,rei,inr,4.8,4.7025,5.17,4.7026,1568.3000000000002,4.7026,5.0978,1719062632000
lptinr,lpt,inr,1898.8,1501.0,1898.8,1600.0,219.68,1530.1,1877.8,1719062632000
ygginr,ygg,inr,58,58.0,60.0,58.0,743.8,57.056,61.994,1719062632000
opinr,op,inr,177.9,166.5,179.99,170.0,645.5399999999998,166.59,173.0,1719062632000
leverinr,lever,inr,0.2054,0.1956,0.2059,0.2034,136585,0.2034,0.2037,1719062632000
ldoinr,ldo,inr,199,190.01,202.42,196.13,71.5,186.16,199.94,1719062632000
polyxinr,polyx,inr,30.064,30.064,32.388,31.996,92,30.064,31.5,1719062632000
usdcinr,usdc,inr,90,87.5,90.0,89.11,7069.5199999999995,89.22,90.6,1719062632000
hifiinr,hifi,inr,45,44.0,46.989,46.976,7408,44.399,46.976,1719062632000
gftinr,gft,inr,1.6671,1.6602,1.85,1.7002,439502.69999999984,1.7002,1.8025,1719062632000
blurinr,blur,inr,24,22.251,25.996,24.998,6256.448600000001,22.645,24.998,1719062632000
flokiinr,floki,inr,0.01532,0.01515,0.01591,0.01526,291241504,0.01521,0.01526,1719062632000
briseinr,brise,inr,0.00001213,0.00001116,0.00001215,0.00001185,111485180215,0.00001172,0.00001185,1719062632000
arbinr,arb,inr,74.533,73.9,78.959,74.326,5883.400000000001,75.543,76.964,1719062633000
injinr,inj,inr,1975,1901.0,2129.848,1949.999,34.96,1910.103,1949.994,1719062633000
pepeinr,pepe,inr,0.0010054,0.000985,0.00105,0.0010252,4406802794,0.0010252,0.0010333,1719062633000
bobinr,bob,inr,0.003401,0.003215,0.0034573,0.0033999,649147338,0.0033073,0.0033998,1719062633000
comboinr,combo,inr,63.287,59.1,71.0,59.129,2633,59.217,68.997,1719062633000
aaveinr,aave,inr,7830.15,7300.0,7830.15,7300.0,12.674000000000001,7162.1,7449.92,1719062633000
rsrinr,rsr,inr,0.51092,0.50481,0.54047,0.50532,143691,0.50533,0.51827,1719062633000
cosinr,cos,inr,0.77,0.7528,0.8,0.7528,42705.5,0.7689,0.78,1719062633000
avainr,ava,inr,57.001,57.001,62.943,57.001,0,57.001,60.951,1719062633000
bandinr,band,inr,106.9438,100.0,108.455,108.455,653.6999999999999,100.0,108.3,1719062633000
pendleinr,pendle,inr,529.221,520.939,560.0,548.509,133.89999999999998,540.068,564.945,1719062633000
loominr,loom,inr,5.2446,5.01,5.2446,5.1899,6482,5.05,5.1768,1719062633000
wldinr,wld,inr,278.13106,265.1,298.79972,275.0,1318.4408,275.0,297.78997,1719062633000
quickinr,quick,inr,4.549,3.993,4.549,3.993,27148,3.993,4.0,1719062633000
vibinr,vib,inr,7.22,7.22,7.2501,7.25,608,7.25,7.6965,1719062633000
maskinr,mask,inr,235,224.0,245.0,243.75,0.3,225.0,241.95,1719062633000
adxinr,adx,inr,15.21,15.21,15.6,15.21,0,15.22,15.93,1719062633000
blzinr,blz,inr,24,21.5017,24.0,21.5017,2414,21.5019,22.9717,1719062633000
pundixinr,pundix,inr,34,32.703,41.877,37.848,696.9799999999999,32.118,37.848,1719062633000
sklinr,skl,inr,4.5,4.5,5.3494,5.2977,59150,4.802,5.2951,1719062633000
clvinr,clv,inr,4.6601,4.4,4.9992,4.45,12896.400000000001,4.4001,4.956,1719062633000
stmxinr,stmx,inr,0.425,0.40005,0.425,0.40006,186792,0.40007,0.41097,1719062633000
audioinr,audio,inr,13.93,13.2,13.93,13.445,1855.7,13.445,13.446,1719062633000
glminr,glm,inr,34.838,32.0,35.0,32.0,1272,32.0,37.568,1719062633000
mtlinr,mtl,inr,121.974,100.0,123.7,100.001,2916.2000000000003,101.0,107.988,1719062633000
storjinr,storj,inr,34.398,34.2608,35.45,35.45,165,33.6164,35.45,1719062633000
perpinr,perp,inr,80.4999,68.1001,80.4999,79.6325,19.677,68.2,79.0,1719062633000
dexeinr,dexe,inr,1002.89,996.3,1029.15,996.3,4,993.62,1008.63,1719062633000
bigtimeinr,bigtime,inr,11.717,10.7101,11.717,11.44,3770.085899999999,10.7001,11.429,1719062633000
memeinr,meme,inr,1.72001,1.7,1.77484,1.70559,31369,1.70001,1.73489,1719062633000
tokeninr,token,inr,7.5647,7.2,8.1965,7.399,39296,7.2353,7.3996,1719062633000
vicinr,vic,inr,30,30.0,34.8,33.8,254.89999999999998,31.2,34.7,1719062633000
beamxinr,beamx,inr,1.65,1.55,1.74843,1.55,184287,1.511,1.55,1719062633000
bonkinr,bonk,inr,0.0018989,0.0018201,0.0019304,0.001915,767531827,0.001915,0.001939,1719062633000
jtoinr,jto,inr,217,215.0,234.804,234.804,175.3,220.0,234.804,1719062633000
degoinr,dego,inr,179,160.01,179.0,160.01,1,160.01,178.01,1719062633000
htxinr,htx,inr,0.00010739,0.00010045,0.00010999,0.00010999,1099466236,0.00010999,0.00011,1719062633000
pixelinr,pixel,inr,26.406,25.2,27.998,26.499,2988.0000000000005,25.9,26.499,1719062633000
toninr,ton,inr,652.18,645.0,697.934,679.98,541.8999999999999,650.693,679.981,1719062633000
suiinr,sui,inr,83.798,80.602,85.623,84.961,2426.1000000000004,81.751,84.787,1719062633000
pythinr,pyth,inr,30,28.81,31.847,30.0,75689.50000000003,29.183,30.278,1719062633000
kasinr,kas,inr,13.8999,12.9476,14.0993,14.0993,8661.900000000001,13.3515,14.0993,1719062633000
wifinr,wif,inr,178.995,160.0,178.995,167.998,11667.2,163.516,167.998,1719062633000
bomeinr,bome,inr,0.80002,0.795,0.84,0.82267,594548,0.80061,0.81966,1719062633000
bcutinr,bcut,inr,5.7,5.5201,6.2932,5.5201,21441.800000000003,5.5001,5.5192,1719062633000
ethfiinr,ethfi,inr,325.84,305.0,325.84,325.84,153.9,306.5,343.72,1719062633000
nakainr,naka,inr,109.01,95.03,109.01,102.0,57.2,100.95,102.13,1719062633000
enainr,ena,inr,58.995,55.0,58.998,57.469,936.97,53.0,56.99,1719062633000
ondoinr,ondo,inr,113.9798,107.0016,114.897,107.0016,1809.23,107.0016,111.9999,1719062633000
omniinr,omni,inr,1260,1227.74,1319.0,1227.74,83.82,1228.0,1314.74,1719062633000
rvninr,rvn,inr,1.8105,1.81,1.93,1.82,19081,1.81,1.82,1719062633000
mewinr,mew,inr,0.34998,0.34103,0.35986,0.35867,1061355.96,0.34593,0.35867,1719062633000
qtuminr,qtum,inr,227.5,227.5,238.97,230.5,28.978,230.5,239.0,1719062633000
notinr,not,inr,1.342603,1.3,1.408552,1.353397,435355,1.33071,1.353388,1719062633000
minainr,mina,inr,56.99,51.24,58.66,57.9,73,51.3,57.79,1719062633000
ltcinr,ltc,inr,6600,6524.12,6760.31,6712.0,130.814,6712.0,6726.62,1719062633000
dashinr,dash,inr,2372,2160.0,2372.0,2281.0,11.918,2162.0,2281.0,1719062633000
xrpbtc,xrp,btc,0.00000796,0.00000556,0.00000796,0.00000556,44,0.000006,0.0000079,1719062633000
trxbtc,trx,btc,0.00000184,0.00000167,0.00000187,0.00000167,9183,0.00000163,0.00000186,1719062633000
ethbtc,eth,btc,0.050121,0.050121,0.054841,0.050133,0.2374,0.050134,0.054828,1719062633000
zilbtc,zil,btc,3.9e-7,0.00000039,0.00000039,0.00000039,0,0.00000027,0.00000038,1719062633000
batbtc,bat,btc,0.00000281,0.00000281,0.00000281,0.00000281,0,0.00000272,0.00000382,1719062633000
ltcbtc,ltc,btc,0.001101,0.0011,0.001101,0.0011,0.24,0.0011,0.00132,1719062633000
qkcbtc,qkc,btc,1.2e-7,0.00000012,0.00000012,0.00000012,0,0.00000011,0.00000015,1719062633000
dashbtc,dash,btc,0.0004,0.0004,0.0004,0.0004,0,0.00029,0.000527,1719062633000
iostbtc,iost,btc,1e-7,0.0000001,0.0000001,0.0000001,0,0.00000009,0.00000013,1719062633000
nulsbtc,nuls,btc,0.000006,0.000006,0.000006,0.000006,0,0.00000429,0.00000869,1719062633000
omgbtc,omg,btc,0.000006,0.000006,0.000006,0.000006,0,0.000005,0.000008,1719062633000
reqbtc,req,btc,0.00000219,0.00000219,0.0000025,0.0000025,41,0.00000159,0.0000025,1719062633000
sntbtc,snt,btc,5.6e-7,0.00000056,0.00000056,0.00000056,0,0.00000035,0.00000055,1719062633000
thetabtc,theta,btc,0.00002231,0.00001556,0.00002231,0.00001556,55,0.00001553,0.00003881,1719062633000
zrxbtc,zrx,btc,0.0000059,0.0000059,0.0000059,0.0000059,0,0.00000128,0.00000883,1719062633000
eosbtc,eos,btc,0.0000138,0.0000138,0.0000138,0.0000138,0,0.0000131,0.0000188,1719062633000
icxbtc,icx,btc,0.0000014,0.0000014,0.0000014,0.0000014,0,0.0000019,0.0000033,1719062633000
fetbtc,fet,btc,0.00002488,0.00002488,0.00002488,0.00002488,0,0.00001752,0.00003242,1719062633000
celrbtc,celr,btc,3e-7,0.00000019,0.0000003,0.00000019,1050,0.00000019,0.00000051,1719062633000
maticbtc,matic,btc,0.00000993,0.00000789,0.00000994,0.00000993,0,0.00000789,0.00000992,1719062633000
adabtc,ada,btc,0.00000578,0.00000508,0.00000578,0.00000508,63,0.00000508,0.00000681,1719062633000
rvnbtc,rvn,btc,3.1e-7,0.00000031,0.00000031,0.00000031,0,0.00000016,0.00000036,1719062633000
xmrbtc,xmr,btc,0.001319,0.001319,0.001319,0.001319,0,0.001353,0.002911,1719062633000
atombtc,atom,btc,0.0001011,0.0001011,0.0001011,0.0001011,0,0.0000602,0.0001499,1719062633000
bnbbtc,bnb,btc,0.0076001,0.0070818,0.0087001,0.0070818,0.040999999999999995,0.0070818,0.010434,1719062633000
wrxbtc,wrx,btc,0.00000206,0.00000206,0.00000207,0.00000206,841.1999999999999,0.00000207,0.0000027,1719062633000
stmxbtc,stmx,btc,7e-8,0.00000007,0.00000008,0.00000007,0,0.00000006,0.00000008,1719062633000
btcusdt,btc,usdt,63906,63450.0,65673.0,64350.0,0.09949999999999998,64128.0,64350.0,1719062633000
trxusdt,trx,usdt,0.11609,0.11609,0.11999,0.11989,15515,0.11702,0.11989,1719062633000
xrpusdt,xrp,usdt,0.49,0.47501,0.50983,0.50983,8428.400000000001,0.47503,0.50983,1719062633000
eosusdt,eos,usdt,0.9799,0.855,0.98,0.98,31.630000000000003,0.8001,0.98,1719062633000
ethusdt,eth,usdt,3503.64,3478.74,3525.46,3487.25,0.15359999999999996,3486.93,3501.41,1719062633000
icxusdt,icx,usdt,0.15,0.1489,0.1524,0.15,0,0.1487,0.1515,1719062633000
ltcusdt,ltc,usdt,74,71.01,78.89,76.0,10.181999999999999,71.04,75.97,1719062633000
hotusdt,hot,usdt,0.0020989,0.0017297,0.0020989,0.001813,6690,0.0018136,0.0020082,1719062633000
batusdt,bat,usdt,0.2405,0.1802,0.2405,0.236,42.49,0.1614,0.23,1719062633000
dashusdt,dash,usdt,24.24,23.56,24.24,24.02,12.974,23.66,24.16,1719062633000
qkcusdt,qkc,usdt,0.00718,0.00718,0.01003,0.00718,0,0.00721,0.00989,1719062633000
zilusdt,zil,usdt,0.02599,0.024,0.02638,0.02498,194,0.02401,0.02499,1719062633000
zrxusdt,zrx,usdt,0.34,0.34,0.409,0.409,21.79,0.341,0.409,1719062633000
bchusdt,bch,usdt,389,375.24,394.45,384.45,0.0374,383.25,389.76,1719062633000
bchsvusdt,bchsv,usdt,50.53,50.53,50.53,50.53,0,50.61,64.25,1719062633000
omgusdt,omg,usdt,0.2956,0.2956,0.4106,0.408,11.27,0.301,0.408,1719062633000
dentusdt,dent,usdt,0.000999,0.000877,0.001098,0.000877,83297,0.00088,0.001095,1719062633000
iostusdt,iost,usdt,0.0066,0.0066,0.00678,0.00671,916,0.00655,0.00675,1719062633000
funusdt,fun,usdt,0.004748,0.003513,0.004748,0.004645,1776,0.0036,0.004645,1719062633000
sntusdt,snt,usdt,0.026,0.026,0.026,0.026,0,0.02505,0.03456,1719062633000
thetausdt,theta,usdt,1.5059,1.4824,1.5273,1.5075,161,1.517,1.521,1719062633000
requsdt,req,usdt,0.10242,0.10242,0.10242,0.10242,0,0.11,0.12999,1719062633000
xlmusdt,xlm,usdt,0.09499,0.08554,0.09499,0.09326,1741.3000000000002,0.08613,0.09325,1719062633000
xtzusdt,xtz,usdt,0.789,0.715,0.789,0.789,0,0.768,0.782,1719062633000
fetusdt,fet,usdt,1.6797,1.342,1.6799,1.3736,97,1.38,1.6238,1719062633000
tfuelusdt,tfuel,usdt,0.07059,0.07042,0.07298,0.07298,7253,0.07224,0.07329,1719062633000
celrusdt,celr,usdt,0.01648,0.016,0.01668,0.01623,41854,0.016,0.01623,1719062633000
maticusdt,matic,usdt,0.5755,0.55015,0.58979,0.58957,1865.8000000000002,0.56,0.58957,1719062633000
adausdt,ada,usdt,0.3838,0.3731,0.3875,0.3785,9663,0.3766,0.3807,1719062633000
rvnusdt,rvn,usdt,0.0205,0.01954,0.0205,0.02004,67807,0.01963,0.02001,1719062633000
xmrusdt,xmr,usdt,165.14,165.14,169.0,167.23,4.484,159.65,165.87,1719062633000
atomusdt,atom,usdt,6.954,6.787,6.954,6.787,41.339999999999996,6.694,6.809,1719062633000
algousdt,algo,usdt,0.14,0.132,0.14,0.132,517.944,0.132,0.136,1719062633000
linkusdt,link,usdt,14.4019,13.771,14.4019,13.771,4.99,13.5984,13.7854,1719062633000
qtumusdt,qtum,usdt,2.52,2.52,2.656,2.52,0,2.51,2.583,1719062633000
etcusdt,etc,usdt,24.1602,23.587,24.1602,23.6221,23.97,23.2639,23.6472,1719062633000
iotausdt,iota,usdt,0.1806,0.1731,0.1806,0.1731,17.33,0.1714,0.1754,1719062633000
zecusdt,zec,usdt,19.871,19.871,20.371,20.042,4.345,19.708,20.053,1719062633000
wavesusdt,waves,usdt,0.974,0.974,1.0085,0.9941,3,0.955,0.9675,1719062633000
ftmusdt,ftm,usdt,0.56,0.54,0.60997,0.54,14.7,0.53001,0.6,1719062633000
enjusdt,enj,usdt,0.1968,0.193,0.1991,0.1947,6991.5999999999985,0.193,0.1953,1719062633000
lskusdt,lsk,usdt,1.0387,1.0387,1.0589,1.0387,0,1.0129,1.0336,1719062633000
steemusdt,steem,usdt,0.1916,0.1916,0.1992,0.1992,7530.12,0.1947,0.2004,1719062633000
xvgusdt,xvg,usdt,0.00418,0.004,0.00435,0.004,2559,0.00406,0.00425,1719062633000
loomusdt,loom,usdt,0.07685,0.07685,0.07685,0.07685,0,0.05302,0.07485,1719062633000
manausdt,mana,usdt,0.34126,0.33,0.34378,0.33,328.6,0.33,0.33257,1719062633000
blzusdt,blz,usdt,0.24,0.24,0.24,0.24,25,0.24,0.2818,1719062633000
scusdt,sc,usdt,0.00442,0.00442,0.00465,0.00459,1267,0.00444,0.00464,1719062633000
xemusdt,xem,usdt,0.0146,0.0145,0.0147,0.0145,4085,0.014,0.0145,1719062633000
btsusdt,bts,usdt,0.00266,0.00251,0.00268,0.00251,4425,0.0025,0.00265,1719062633000
ardrusdt,ardr,usdt,0.067,0.067,0.067,0.067,0,0.0635,0.0664,1719062633000
winusdt,win,usdt,0.0000903,0.0000881,0.0000903,0.0000888,10659256,0.000087,0.0000886,1719062633000
bnbusdt,bnb,usdt,619.9997,577.0,619.9997,577.0,1.0090000000000001,577.0,602.9997,1719062633000
chzusdt,chz,usdt,0.08,0.073257,0.094749,0.073271,1324,0.073271,0.09473,1719062633000
wrxusdt,wrx,usdt,0.1472,0.14599,0.15352,0.14605,3287.7999999999997,0.14606,0.15276,1719062633000
kavausdt,kava,usdt,0.4796,0.4469,0.4796,0.4707,62,0.4588,0.4657,1719062633000
ankrusdt,ankr,usdt,0.028001,0.028001,0.028001,0.028001,542,0.026062,0.037288,1719062633000
oneusdt,one,usdt,0.01551,0.01519,0.0156,0.01526,68795,0.01486,0.01521,1719062633000
ognusdt,ogn,usdt,0.0743,0.0743,0.1391,0.0921,310.34999999999997,0.0921,0.1359,1719062633000
hiveusdt,hive,usdt,0.2158,0.2081,0.2393,0.2393,9.02,0.2308,0.2444,1719062633000
fttusdt,ftt,usdt,1.666,1.453,1.666,1.468,35.918,1.453,1.468,1719062633000
bandusdt,band,usdt,1.6277,1.5877,1.6277,1.5877,15,1.0513,1.5876,1719062633000
jstusdt,jst,usdt,0.02734,0.02734,0.02734,0.02734,0,0.02743,0.02798,1719062633000
ctsiusdt,ctsi,usdt,0.15994,0.14584,0.15994,0.14584,22.4,0.14584,0.22115,1719062633000
chrusdt,chr,usdt,0.27,0.27,0.27,0.27,0,0.22037,0.3,1719062633000
stxusdt,stx,usdt,1.6195,1.5,1.658,1.6358,92.46,1.6482,1.6698,1719062633000
stmxusdt,stmx,usdt,0.005783,0.005,0.005795,0.005,52900,0.004403,0.0045,1719062633000
mdtusdt,mdt,usdt,0.05028,0.05025,0.05028,0.05028,0,0.05032,0.06831,1719062633000
lrcusdt,lrc,usdt,0.162,0.162,0.20499,0.16501,51,0.165,0.19992,1719062633000
dogeusdt,doge,usdt,0.12344,0.12,0.12536,0.12534,17469,0.12353,0.12535,1719062633000
neousdt,neo,usdt,11.49,11.238,11.49,11.447,113.986,11.192,11.395,1719062633000
hbarusdt,hbar,usdt,0.0798,0.07869,0.0798,0.07869,919.4000000000001,0.07724,0.07885,1719062633000
storjusdt,storj,usdt,0.3551,0.3551,0.4694,0.3551,0,0.36,0.459,1719062633000
compusdt,comp,usdt,48.01,48.0,48.01,48.01,0,48.01,59.91,1719062633000
cotiusdt,coti,usdt,0.091,0.091,0.091,0.091,214.6,0.091,0.11566,1719062633000
dgbusdt,dgb,usdt,0.008,0.00787,0.00802,0.00802,34780,0.00788,0.00803,1719062633000
snxusdt,snx,usdt,1.985,1.863,1.985,1.985,0,1.964,1.999,1719062633000
renusdt,ren,usdt,0.04641,0.04641,0.04979,0.04684,205.9,0.04607,0.04713,1719062633000
sxpusdt,sxp,usdt,0.2579,0.2534,0.2579,0.2534,2672.5699999999997,0.2483,0.2534,1719062633000
mkrusdt,mkr,usdt,2400,2100.0,3052.0,3052.0,0.011309999999999999,2222.0,3049.0,1719062633000
avausdt,ava,usdt,0.8086,0.66,0.8091,0.7998,2.62,0.58,0.7939,1719062633000
balusdt,bal,usdt,3.6,2.814,3.6,3.6,0,2.809,3.879,1719062633000
srmusdt,srm,usdt,0.05206,0.05206,0.05206,0.05206,474.93,0.05206,0.07761,1719062633000
egldusdt,egld,usdt,29.59,28.58,29.59,28.87,41.587,28.38,28.76,1719062633000
cosusdt,cos,usdt,0.01063,0.00699,0.01078,0.00742,1346.8,0.00761,0.01061,1719062633000
dotusdt,dot,usdt,5.7118,5.6,5.7782,5.7782,318.41999999999996,5.7136,5.8192,1719062633000
yfiusdt,yfi,usdt,5500,5500.0,7299.4,7299.17,0.000455,5500.0,6799.98,1719062633000
iotxusdt,iotx,usdt,0.04285,0.04222,0.04442,0.04222,76206,0.04225,0.04273,1719062633000
sandusdt,sand,usdt,0.33,0.31,0.379981,0.379981,2191,0.310008,0.379943,1719062633000
uniusdt,uni,usdt,9.1001,9.1001,10.9998,10.9998,7.29,9.1001,10.9997,1719062633000
datausdt,data,usdt,0.04116,0.04116,0.054,0.043,300,0.04116,0.054,1719062633000
paxgusdt,paxg,usdt,2301.85,2299.68,2307.62,2299.68,0.03759,2300.73,2337.05,1719062633000
creamusdt,cream,usdt,75.437,66.0,75.437,66.0,1.568,61.661,75.428,1719062633000
umausdt,uma,usdt,2.5,2.5,2.5,2.5,0,2.06,3.781,1719062633000
ksmusdt,ksm,usdt,23.86,23.81,24.36,24.18,3.4610000000000003,23.48,23.97,1719062633000
trbusdt,trb,usdt,104.031,80.007,117.051,102.11,176.09799999999998,101.19,102.494,1719062633000
adxusdt,adx,usdt,0.1641,0.1641,0.1641,0.1641,0,0.1501,0.1896,1719062633000
aaveusdt,aave,usdt,86,75.5,86.0,80.0,1.608,78.0,85.999,1719062633000
filusdt,fil,usdt,4.3459,4.3032,4.4702,4.4531,79.23400000000001,4.3527,4.456,1719062633000
crvusdt,crv,usdt,0.35,0.337,0.35,0.35,250,0.284,0.445,1719062633000
nearusdt,near,usdt,5.2597,5.1943,5.3845,5.2644,9.701,5.2,5.2364,1719062633000
hntusdt,hnt,usdt,3.282,3.262,3.474,3.473,434.86300000000006,3.446,3.493,1719062634000
avaxusdt,avax,usdt,27.479,25.0,27.938,25.904,97.57000000000001,25.39,26.014,1719062634000
oxtusdt,oxt,usdt,0.0826,0.0826,0.0826,0.0826,38.25,0.0826,0.1042,1719062634000
dockusdt,dock,usdt,0.020395,0.020395,0.022758,0.020647,1558,0.018919,0.021311,1719062634000
duskusdt,dusk,usdt,0.3099,0.3099,0.4404,0.4404,56.760000000000005,0.2878,0.4199,1719062634000
injusdt,inj,usdt,23.9998,23.9998,23.9999,23.9999,2,18.5006,23.9999,1719062634000
vetusdt,vet,usdt,0.02659,0.02566,0.02695,0.02628,689615,0.02575,0.02625,1719062634000
mtlusdt,mtl,usdt,1.2934,1.1092,1.2934,1.1092,3214.26,1.1193,1.1372,1719062634000
frontusdt,front,usdt,0.9105,0.909,0.9107,0.909,19.49,0.899,0.9105,1719062634000
glmusdt,glm,usdt,0.35,0.35,0.35,0.35,0,0.35,0.5191,1719062634000
sushiusdt,sushi,usdt,0.828,0.828,0.848,0.828,0,0.795,0.812,1719062634000
firousdt,firo,usdt,1.48,1.48,1.48,1.48,0,1.118,1.48,1719062634000
dexeusdt,dexe,usdt,12.85,12.85,12.85,12.85,0,10.0,12.842,1719062634000
grtusdt,grt,usdt,0.2189,0.2159,0.2189,0.2159,46.8,0.212,0.2152,1719062634000
bntusdt,bnt,usdt,0.656,0.656,0.656,0.656,0,0.626,0.7497,1719062634000
rsrusdt,rsr,usdt,0.0051,0.005,0.007093,0.005114,2916.6,0.005114,0.007031,1719062634000
1inchusdt,1inch,usdt,0.48,0.373,0.48,0.4689,30.62,0.3732,0.4689,1719062634000
uftusdt,uft,usdt,0.2702,0.2702,0.2702,0.2702,0,0.2806,0.394,1719062634000
pundixusdt,pundix,usdt,0.38,0.37,0.41,0.41,44.730000000000004,0.38,0.4,1719062634000
ckbusdt,ckb,usdt,0.011176,0.011024,0.011198,0.011091,205903,0.011036,0.011187,1719062634000
vibusdt,vib,usdt,0.08,0.08,0.08,0.08,0,0.07281,0.09492,1719062634000
tkousdt,tko,usdt,0.355,0.355,0.355,0.355,0,0.3098,0.4414,1719062634000
pushusdt,push,usdt,0.1613,0.1597,0.1765,0.1613,0,0.1611,0.1758,1719062634000
cvcusdt,cvc,usdt,0.10124,0.10124,0.10126,0.10124,0,0.10101,0.14985,1719062634000
cakeusdt,cake,usdt,2.286,2.185,2.294,2.229,212.743,2.202,2.247,1719062634000
kmdusdt,kmd,usdt,0.3495,0.345,0.3507,0.345,99.97,0.3393,0.3444,1719062634000
solusdt,sol,usdt,130.121,128.797,136.207,134.2,32.34599999999999,134.12,134.627,1719062634000
shibusdt,shib,usdt,0.00001767,0.0000175,0.00001829,0.00001812,167361391,0.0000179,0.00001816,1719062634000
rlcusdt,rlc,usdt,2.1558,2.1558,2.2691,2.1558,0,2.0832,2.116,1719062634000
reefusdt,reef,usdt,0.001493,0.001457,0.001496,0.001457,324738,0.001394,0.001457,1719062634000
icpusdt,icp,usdt,8.294,8.201,8.463,8.354,168.20999999999998,8.201,8.357,1719062634000
ontusdt,ont,usdt,0.211,0.209,0.2135,0.2106,2254,0.2067,0.2105,1719062634000
xvsusdt,xvs,usdt,6.7,6.5,6.7,6.5,2.14,5.129,9.883,1719062634000
viteusdt,vite,usdt,0.01675,0.01675,0.01675,0.01675,0,0.016,0.0218,1719062634000
dcrusdt,dcr,usdt,15.19,15.16,15.66,15.23,20.1908,14.91,15.23,1719062634000
mdxusdt,mdx,usdt,0.0453,0.0381,0.0453,0.039,1676.21,0.0382,0.0446,1719062634000
phausdt,pha,usdt,0.1399,0.131,0.1399,0.1343,144528.91999999998,0.1287,0.1318,1719062634000
runeusdt,rune,usdt,4.24,4.139,4.306,4.199,373.0199999999999,4.131,4.23,1719062634000
nknusdt,nkn,usdt,0.0811,0.0811,0.0816,0.0816,24.6,0.0797,0.0814,1719062634000
axsusdt,axs,usdt,6.091,5.946,6.139,6.091,0,5.909,6.04,1719062634000
alphausdt,alpha,usdt,0.0848,0.0817,0.0853,0.0819,6061.98,0.0796,0.0813,1719062634000
aliceusdt,alice,usdt,1.0309,1.0309,1.16,1.0309,0,1.032,1.3999,1719062634000
klayusdt,klay,usdt,0.1867,0.1602,0.1867,0.1602,104,0.1576,0.1612,1719062634000
xecusdt,xec,usdt,0.00003154,0.00003082,0.00003269,0.00003235,45241663,0.00003222,0.00003282,1719062634000
perpusdt,perp,usdt,0.68706,0.68706,1.015,0.68706,0,0.70076,0.99759,1719062634000
qntusdt,qnt,usdt,76.6,75.8,79.3,75.9,0.863,74.4,76.3,1719062634000
flowusdt,flow,usdt,1,1.0,1.0,1.0,2.06,0.95,1.0,1719062634000
vgxusdt,vgx,usdt,0.075,0.071,0.075,0.071,1000,0.07,0.08,1719062634000
arusdt,ar,usdt,26.284,25.493,27.804,27.804,12.18,27.254,27.585,1719062634000
dodousdt,dodo,usdt,0.14,0.14,0.14,0.14,0,0.136,0.138,1719062634000
minausdt,mina,usdt,0.561,0.561,0.578,0.571,23257.3,0.571,0.995,1719062634000
clvusdt,clv,usdt,0.06,0.06,0.06,0.06,0,0.04733,0.0648,1719062634000
bakeusdt,bake,usdt,0.4576,0.3127,0.4576,0.45,39.4,0.3274,0.4499,1719062634000
alpacausdt,alpaca,usdt,0.146,0.1267,0.147,0.146,300,0.1222,0.1471,1719062634000
gnousdt,gno,usdt,341.1,223.1,341.9,223.1,0.095,223.2,341.9,1719062634000
tlmusdt,tlm,usdt,0.01255,0.01241,0.01284,0.01259,112103,0.01223,0.01249,1719062634000
audiousdt,audio,usdt,0.1896,0.1469,0.1896,0.1896,0,0.1409,0.179,1719062634000
sklusdt,skl,usdt,0.04268,0.04144,0.07297,0.071,5786,0.04469,0.07098,1719062634000
mboxusdt,mbox,usdt,0.264,0.23,0.264,0.231,169.7,0.228,0.262,1719062634000
degousdt,dego,usdt,1.846,1.846,1.846,1.846,0,1.832,1.865,1719062634000
galausdt,gala,usdt,0.03099,0.0275,0.03142,0.02899,32531,0.02726,0.029,1719062634000
maskusdt,mask,usdt,2.501,2.452,2.546,2.452,12,2.456,2.523,1719062634000
ilvusdt,ilv,usdt,72,72.0,72.0,72.0,13.888,60.1,84.43,1719062634000
mlnusdt,mln,usdt,20.8,20.8,20.8,20.8,0,14.9,19.4,1719062634000
dydxusdt,dydx,usdt,1.416,1.414,1.689,1.416,0,1.41,1.639,1719062634000
cfxusdt,cfx,usdt,0.1958,0.1958,0.1958,0.1958,95,0.13,0.1958,1719062634000
stptusdt,stpt,usdt,0.0384,0.0384,0.0384,0.0384,0,0.035,0.05404,1719062634000
radusdt,rad,usdt,1.498,1.498,1.498,1.498,0,1.25,1.962,1719062634000
burgerusdt,burger,usdt,0.684,0.502,0.684,0.502,65.1,0.47,0.545,1719062634000
roseusdt,rose,usdt,0.09238,0.065,0.09319,0.09164,1598.7,0.09096,0.09227,1719062634000
scrtusdt,scrt,usdt,0.301,0.301,0.301,0.301,0,0.294,0.3,1719062634000
sysusdt,sys,usdt,0.1275,0.122,0.1301,0.122,16394,0.118,0.1205,1719062634000
agldusdt,agld,usdt,1.386,1.098,1.386,1.098,9.1,0.93,1.098,1719062634000
keyusdt,key,usdt,0.005351,0.005351,0.005353,0.005353,468,0.005353,0.0065,1719062634000
rareusdt,rare,usdt,0.103,0.103,0.103,0.103,0,0.101,0.1024,1719062634000
sunusdt,sun,usdt,0.0116,0.0116,0.01193,0.01193,2365,0.01172,0.01192,1719062634000
slpusdt,slp,usdt,0.003256,0.003219,0.003256,0.003219,1000,0.003097,0.003153,1719062634000
auctionusdt,auction,usdt,18,18.0,18.29,18.0,1.02,17.0,20.7,1719062634000
atausdt,ata,usdt,0.14,0.0986,0.14,0.0986,114,0.0993,0.135,1719062634000
oceanusdt,ocean,usdt,0.5621,0.562,0.7109,0.5621,0,0.58,0.6899,1719062634000
superusdt,super,usdt,0.7,0.7,0.7,0.7,0,0.6011,0.994,1719062634000
betausdt,beta,usdt,0.045,0.04499,0.05988,0.04499,4594,0.04143,0.04499,1719062634000
waxpusdt,waxp,usdt,0.04,0.04,0.0405,0.04,26458,0.0325,0.0498,1719062634000
qiusdt,qi,usdt,0.01507,0.01432,0.01507,0.01432,30841,0.01407,0.01429,1719062634000
chessusdt,chess,usdt,0.15,0.15,0.15,0.15,0,0.14,0.191,1719062634000
ensusdt,ens,usdt,27.13,25.39,27.14,25.39,10.91,25.64,26.03,1719062634000
nulsusdt,nuls,usdt,0.3842,0.3842,0.3842,0.3842,0,0.3763,0.4019,1719062634000
ctxcusdt,ctxc,usdt,0.2296,0.224,0.2296,0.2253,1178,0.2169,0.2241,1719062634000
ookiusdt,ooki,usdt,0.00171,0.00171,0.00198,0.00198,16775,0.00171,0.00209,1719062634000
ampusdt,amp,usdt,0.00464,0.00464,0.00534,0.00534,12472,0.00554,0.00565,1719062634000
voxelusdt,voxel,usdt,0.17,0.17,0.2051,0.17,0,0.1613,0.1651,1719062634000
powrusdt,powr,usdt,0.2032,0.2032,0.213,0.2032,0,0.2032,0.2994,1719062634000
antusdt,ant,usdt,6.116,6.116,6.116,6.116,0,6.116,8.327,1719062634000
farmusdt,farm,usdt,46,46.0,46.0,46.0,0,44.5,53.6,1719062634000
bttcusdt,bttc,usdt,8.7e-7,0.00000085,0.00000093,0.00000091,1759082796,0.00000089,0.00000091,1719062634000
laziousdt,lazio,usdt,2.1994,2.1994,2.1994,2.1994,0,1.635,2.1932,1719062634000
portousdt,porto,usdt,2.5987,2.5987,2.5987,2.5987,0,2.0247,2.496,1719062634000
santosusdt,santos,usdt,5.248,3.04,5.289,3.04,1.6,3.205,4.899,1719062634000
glmrusdt,glmr,usdt,0.18,0.18,0.2981,0.2,2891.7,0.2112,0.2925,1719062634000
bicousdt,bico,usdt,0.394,0.394,0.396,0.394,0,0.37,0.376,1719062634000
xnousdt,xno,usdt,0.837,0.837,0.837,0.837,0,0.878,0.894,1719062634000
spellusdt,spell,usdt,0.0006136,0.0006136,0.0007887,0.0007516,2661,0.0006161,0.0007512,1719062634000
achusdt,ach,usdt,0.02355,0.02329,0.02357,0.0233,4363,0.02276,0.02312,1719062634000
nmrusdt,nmr,usdt,20,19.9,20.0,19.9,1,19.08,19.9,1719062634000
jasmyusdt,jasmy,usdt,0.029,0.0251,0.0299,0.029,9917.800000000001,0.026,0.0295,1719062634000
kncusdt,knc,usdt,0.585,0.585,0.585,0.585,0,0.54,0.713,1719062634000
idexusdt,idex,usdt,0.044,0.0435,0.0452,0.0435,17717,0.0434,0.0454,1719062634000
fidausdt,fida,usdt,0.4273,0.3012,0.4273,0.3012,36.5,0.3015,0.394,1719062634000
darusdt,dar,usdt,0.125,0.125,0.125,0.125,0,0.10993,0.14266,1719062634000
celousdt,celo,usdt,0.589,0.583,0.596,0.583,40,0.583,0.596,1719062634000
tusdt,t,usdt,0.02347,0.023,0.02359,0.0234,4399,0.02285,0.02337,1719062634000
pyrusdt,pyr,usdt,3.78,3.78,3.78,3.78,0,3.01,5.18,1719062634000
imxusdt,imx,usdt,1.61,1.502,1.874,1.63,14.120000000000001,1.502,1.872,1719062634000
api3usdt,api3,usdt,2.35,2.35,3.462,3.462,0.7,2.755,3.458,1719062634000
alpineusdt,alpine,usdt,1.488,1.26,1.488,1.26,6.65,1.1027,1.4794,1719062634000
astrusdt,astr,usdt,0.0817,0.0401,0.0851,0.0817,0,0.0538,0.075,1719062634000
fluxusdt,flux,usdt,0.699,0.699,0.699,0.699,0,0.6,0.76,1719062634000
apeusdt,ape,usdt,0.7659,0.7659,0.7659,0.7659,0,0.8001,1.0968,1719062634000
kdausdt,kda,usdt,0.581,0.58,0.601,0.598,244.53,0.566,0.581,1719062634000
woousdt,woo,usdt,0.22,0.22,0.2598,0.24,73.80000000000001,0.2124,0.24,1719062634000
acausdt,aca,usdt,0.115,0.105,0.115,0.105,30.68,0.105,0.124,1719062634000
alcxusdt,alcx,usdt,24.33,19.5,24.33,24.3,7.9647,19.5,24.3,1719062634000
multiusdt,multi,usdt,0.16,0.14,0.16,0.16,0,0.14,0.16,1719062634000
highusdt,high,usdt,1.765,1.765,2.247,2.24,227.409,1.82,2.2,1719062634000
rndrusdt,rndr,usdt,7.397,7.39,8.809,7.424,260.25,7.39,7.464,1719062634000
forusdt,for,usdt,0.02041,0.02041,0.02041,0.02041,0,0.018,0.02022,1719062634000
gmtusdt,gmt,usdt,0.1686,0.1653,0.1686,0.16538,13,0.1613,0.1656,1719062634000
linausdt,lina,usdt,0.00624,0.006179,0.006285,0.006259,1635918.6199999999,0.006252,0.006259,1719062634000
lokausdt,loka,usdt,0.2998,0.2998,0.2998,0.2998,0,0.232,0.2997,1719062634000
bswusdt,bsw,usdt,0.0581,0.0581,0.0581,0.0581,0,0.0585,0.0707,1719062634000
bondusdt,bond,usdt,2.3,2.3,3.249,3.23,3.23,2.35,3.229,1719062634000
reiusdt,rei,usdt,0.0511,0.0511,0.05187,0.05187,272.2,0.05274,0.05492,1719062634000
lptusdt,lpt,usdt,12.68,12.68,12.68,12.68,0,15.32,20.98,1719062634000
yggusdt,ygg,usdt,0.6298,0.6298,0.6499,0.6499,526.1999999999999,0.6469,0.656,1719062634000
cityusdt,city,usdt,2.72,2.72,2.72,2.72,0,2.06,2.72,1719062634000
psgusdt,psg,usdt,4.29,4.25,4.29,4.29,0,3.11,4.3,1719062634000
ghstusdt,ghst,usdt,1.757,1.206,1.775,1.743,11.2,1.216,1.733,1719062634000
galusdt,gal,usdt,2.3,2.3,2.3,2.3,0,2.172,2.224,1719062634000
opusdt,op,usdt,1.867,1.811,1.882,1.823,680.9399999999999,1.781,1.823,1719062634000
leverusdt,lever,usdt,0.002667,0.002004,0.002668,0.002667,0,0.002007,0.002596,1719062634000
ldousdt,ldo,usdt,2.358,2.358,2.358,2.358,0,1.964,2.354,1719062634000
polyxusdt,polyx,usdt,0.3459,0.3387,0.3586,0.3526,31,0.338,0.3426,1719062634000
gftusdt,gft,usdt,0.0193,0.0191,0.0203,0.0203,293.2,0.0186,0.0205,1719062634000
blurusdt,blur,usdt,0.2587,0.255,0.2686,0.257,534.316,0.2461,0.257,1719062634000
bnxusdt,bnx,usdt,0.903,0.901,0.903,0.903,0,0.903,1.093,1719062634000
flokiusdt,floki,usdt,0.00016801,0.000168,0.0001744,0.00017,2310974,0.0001697,0.00017,1719062634000
briseusdt,brise,usdt,1.3e-7,0.000000123,0.000000136,0.000000133,4920070730,0.000000123,0.000000133,1719062634000
arbusdt,arb,usdt,0.8131,0.805,0.8261,0.823,3419.1000000000004,0.805,0.823,1719062634000
pepeusdt,pepe,usdt,0.00001104,0.0000109,0.00001174,0.00001138,290818024,0.0000112,0.00001138,1719062634000
idusdt,id,usdt,0.46,0.458,0.46,0.458,12,0.44,0.45,1719062634000
bobusdt,bob,usdt,0.00003697,0.00003512,0.00003726,0.00003641,307480955,0.00003552,0.00003643,1719062634000
lqtyusdt,lqty,usdt,0.947,0.947,0.947,0.947,0,0.841,0.861,1719062634000
combousdt,combo,usdt,0.7147,0.6761,0.7375,0.6761,1324,0.6721,0.6918,1719062634000
pendleusdt,pendle,usdt,5.88,5.88,6.1388,6.1388,2.5,6.1954,6.2713,1719062634000
wldusdt,wld,usdt,3.0867,2.9969,3.1059,3.0277,417.6083,2.9744,3.0217,1719062634000
quickusdt,quick,usdt,0.04591,0.04455,0.04663,0.04455,12500,0.04326,0.04504,1719062634000
bigtimeusdt,bigtime,usdt,0.12244,0.12039,0.1234,0.1234,2226.3826,0.11946,0.12298,1719062634000
memeusdt,meme,usdt,0.019139,0.018734,0.019702,0.018775,5938,0.018557,0.018938,1719062634000
tokenusdt,token,usdt,0.08316,0.08118,0.08516,0.08118,25587,0.08127,0.08265,1719062634000
vicusdt,vic,usdt,0.2866,0.2866,0.38,0.2866,0,0.3,0.38,1719062634000
beamxusdt,beamx,usdt,0.018342,0.018342,0.021485,0.019,3439,0.017001,0.019999,1719062634000
bonkusdt,bonk,usdt,0.00002022,0.00002,0.00002097,0.00002076,19360715,0.00002076,0.00002109,1719062634000
jtousdt,jto,usdt,2.3809,2.3809,2.564,2.47,104.5,2.415,2.462,1719062634000
htxusdt,htx,usdt,0.000001158,0.000001158,0.000001168,0.000001164,378931166,0.000001164,0.000001197,1719062634000
pixelusdt,pixel,usdt,0.2891,0.2776,0.2937,0.2806,2545,0.2759,0.282,1719062634000
tonusdt,ton,usdt,7.1792,7.0107,7.4078,7.2498,453.20000000000005,7.1479,7.2343,1719062634000
suiusdt,sui,usdt,0.906,0.891,0.929,0.904,1529.7,0.888,0.908,1719062634000
seiusdt,sei,usdt,0.3712,0.362,0.3726,0.362,150.8,0.3536,0.3613,1719062634000
pythusdt,pyth,usdt,0.3189,0.3106,0.3274,0.3215,78842.4,0.3122,0.3204,1719062634000
kasusdt,kas,usdt,0.1416,0.14127,0.14785,0.14785,16231.8,0.14786,0.15034,1719062634000
wifusdt,wif,usdt,1.8398,1.7359,1.849,1.8014,7399.299999999999,1.7789,1.8093,1719062634000
metisusdt,metis,usdt,51,50.05,51.0,50.05,1.2550000000000001,48.54,49.81,1719062634000
bomeusdt,bome,usdt,0.008829,0.00877,0.009083,0.008833,273731,0.008695,0.008912,1719062634000
bcutusdt,bcut,usdt,0.06167,0.0608,0.06202,0.06081,17359.8,0.05839,0.06081,1719062634000
ethfiusdt,ethfi,usdt,3.481,3.323,3.556,3.471,7.4,3.358,3.435,1719062634000
nakausdt,naka,usdt,1.228,1.121,1.228,1.121,4.5,1.109,1.143,1719062634000
jupusdt,jup,usdt,0.7796,0.759,0.785,0.785,335.3,0.7788,0.7963,1719062634000
strkusdt,strk,usdt,0.743,0.718,0.744,0.718,56.07,0.7,0.719,1719062634000
tiausdt,tia,usdt,6.55,6.28,6.55,6.33,168.1,6.3,6.34,1719062634000
mntusdt,mnt,usdt,0.8445,0.8105,0.8445,0.8105,77.67999999999999,0.7936,0.8118,1719062634000
wusdt,w,usdt,0.356,0.342,0.356,0.342,53.6,0.339,0.347,1719062634000
enausdt,ena,usdt,0.6079,0.5969,0.6288,0.5977,575.75,0.5908,0.6029,1719062634000
ondousdt,ondo,usdt,1.19191,1.17509,1.21524,1.17863,1692.85,1.1615,1.17785,1719062634000
pdausdt,pda,usdt,0.0972,0.0972,0.0972,0.0972,0,0.0605,0.097,1719062634000
zeususdt,zeus,usdt,0.2325,0.2324,0.2382,0.2325,115.61999999999999,0.2307,0.2388,1719062634000
tnsrusdt,tnsr,usdt,0.6216,0.6216,0.6364,0.6364,6.54,0.615,0.631,1719062634000
eseusdt,ese,usdt,0.0459,0.0443,0.0468,0.0446,3500,0.042,0.0446,1719062634000
omniusdt,omni,usdt,14,14.0,14.169,14.169,1.27,13.675,14.044,1719062634000
openusdt,open,usdt,0.01335,0.01246,0.01357,0.01246,3057,0.01206,0.0123,1719062634000
mewusdt,mew,usdt,0.003778,0.003721,0.003908,0.003838,533304.7400000001,0.003782,0.003866,1719062634000
rezusdt,rez,usdt,0.1033,0.0988,0.1066,0.0998,68.2,0.0966,0.0984,1719062634000
fortusdt,fort,usdt,0.1717,0.1717,0.1717,0.1717,0,0.1705,0.174,1719062634000
bbusdt,bb,usdt,0.4039,0.3848,0.4039,0.3928,230.5,0.389,0.3932,1719062634000
notusdt,not,usdt,0.0149803,0.0142034,0.0152647,0.0146549,220433,0.0145231,0.0147225,1719062634000
iousdt,io,usdt,3.7,3.63,3.821,3.783,781.16,3.721,3.735,1719062634000
neonusdt,neon,usdt,0.6167,0.6023,0.6394,0.6186,1928.9146999999998,0.6166,0.6254,1719062634000
driftusdt,drift,usdt,0.4169,0.41,0.4172,0.41,51.089999999999996,0.38,0.41,1719062634000
zrousdt,zro,usdt,3.174,2.755,3.174,2.755,159.39999999999998,2.755,3.1221,1719062634000
ethwrx,eth,wrx,24699,20625.0,24799.0,24699.0,0,20633.0,24699.0,1719062634000
xrpwrx,xrp,wrx,3.022,3.022,3.35,3.022,0,3.026,3.347,1719062634000
yfiwrx,yfi,wrx,39833,39833.0,39833.0,39833.0,0,33106.0,41100.0,1719062634000
bnbwrx,bnb,wrx,3252.55,3252.55,4000.0,3900.0,0.07300000000000001,3700.03,3900.0,1719062634000
trxwrx,trx,wrx,0.6979,0.6979,0.7912,0.7912,1145,0.7376,0.7912,1719062634000
eoswrx,eos,wrx,6.5,6.5,6.5,6.5,0,4.96,6.89,1719062634000
ltcwrx,ltc,wrx,446.6,446.6,450.1,450.1,0.067,450.1,558.0,1719062634000
linkwrx,link,wrx,97.32,97.32,97.32,97.32,0,78.41,97.32,1719062634000
enjwrx,enj,wrx,1.238,1.238,1.3,1.238,0,1.24,1.416,1719062634000
dogewrx,doge,wrx,0.75529,0.75529,0.8399,0.8399,2038,0.75835,0.88733,1719062634000
maticwrx,matic,wrx,3.5022,3.5022,3.99,3.5022,0,3.5133,3.98,1719062634000
adawrx,ada,wrx,2.2603,2.2603,2.6419,2.3209,386.7,2.3209,2.6419,1719062634000
batwrx,bat,wrx,1.794,1.215,1.799,1.794,0,1.234,1.72,1719062634000
shibwrx,shib,wrx,0.00012507,0.000116,0.00012507,0.00011658,9079608,0.00011658,0.00012425,1719062634000
1inchwrx,1inch,wrx,2.916,2.914,2.919,2.915,49.04,2.472,2.918,1719062634000
dockwrx,dock,wrx,0.15,0.15,0.15,0.15,0,0.13,0.15,1719062634000
runewrx,rune,wrx,28,24.374,31.785,28.0,0,27.0,31.78,1719062634000
chrwrx,chr,wrx,1.7883,1.7883,1.7883,1.7883,0,1.5,1.7883,1719062634000
